image,SSIM,PSNR,LPIPS,FID
10M2102916_10_17.png,0.16689552958124776,11.289981077906948,0.4461348354816437,1.1780281066894531
10M2102916_10_9.png,0.22076172743186576,14.365243729670965,0.4249294698238373,1.1780281066894531
10M2102916_11_26.png,0.08898936306236162,9.514368966341717,0.5000168085098267,1.1780281066894531
10M2102916_12_17.png,0.0839875641396383,9.814528741948651,0.46380794048309326,1.1780281066894531
10M2102916_12_9.png,0.13721106461737462,11.273143376009099,0.44446927309036255,1.1780281066894531
10M2102916_13_15.png,0.16611728891485944,12.875941772362049,0.4474201500415802,1.1780281066894531
10M2102916_14_4.png,0.11537532165182295,9.640167751733872,0.46027541160583496,1.1780281066894531
10M2102916_15_8.png,0.09301112806295309,10.616498304955291,0.46918460726737976,1.1780281066894531
10M2102916_22_23.png,0.16072679538122356,13.643895827464014,0.4168609380722046,1.1780281066894531
10M2102916_25_27.png,0.11508545553239151,9.32630670212811,0.46114403009414673,1.1780281066894531
10M2102916_25_30.png,0.10468104211594964,13.30599527449108,0.3461621105670929,1.1780281066894531
10M2102916_26_11.png,0.14685812116263,11.758070607956157,0.44905006885528564,1.1780281066894531
10M2102916_26_34.png,0.1401327966503983,11.254360785720245,0.47643017768859863,1.1780281066894531
10M2102916_26_8.png,0.20232377073021068,13.710303902196998,0.42459309101104736,1.1780281066894531
10M2102916_32_29.png,0.08663190830109364,9.16622227725307,0.4885580539703369,1.1780281066894531
10M2102916_33_14.png,0.27135828614918894,13.766318707635977,0.5139533281326294,1.1780281066894531
10M2102916_37_28.png,0.05899696295211638,10.185968967999901,0.5368826389312744,1.1780281066894531
10M2102916_37_29.png,0.07511546149962976,10.840671263990021,0.4757455587387085,1.1780281066894531
10M2102916_39_25.png,0.274376529043921,11.801949670034478,0.5558961033821106,1.1780281066894531
10M2102916_8_22.png,0.15215842162370144,8.156664423677553,0.4386138319969177,1.1780281066894531
10M2102916_9_21.png,0.2297362390706934,9.974008129620293,0.3924750089645386,1.1780281066894531
12M2102884_10_7.png,0.15514784258983405,15.595796250798212,0.33322641253471375,1.1780281066894531
12M2102884_18_4.png,0.13444165364301827,15.90867789328078,0.30452990531921387,1.1780281066894531
12M2102884_22_16.png,0.08653648010430874,10.105952427073987,0.5737526416778564,1.1780281066894531
12M2102884_29_16.png,0.18338698775736184,14.532160095867624,0.5069066286087036,1.1780281066894531
12M2102884_29_8.png,0.17821543890811764,13.115804741155998,0.4556029736995697,1.1780281066894531
12M2102884_31_3.png,0.16854130505244816,15.346225285741877,0.40811532735824585,1.1780281066894531
12M2102884_31_8.png,0.10114774360814033,10.199325348835277,0.5969557166099548,1.1780281066894531
12M2102884_33_4.png,0.09269189046413918,12.905101137010382,0.5110380053520203,1.1780281066894531
12M2102884_39_9.png,0.08154860897973958,9.0622904374794,0.605545699596405,1.1780281066894531
12M2102884_40_16.png,0.13957873545124558,10.166509465206119,0.5825042724609375,1.1780281066894531
12M2102884_41_12.png,0.08414315985151867,8.831767105612988,0.6270082592964172,1.1780281066894531
12M2102884_8_9.png,0.1227900018644253,15.352036680840847,0.30663150548934937,1.1780281066894531
14M2102785_12_7.png,0.10636516749435165,12.610339172626404,0.4598740339279175,1.1780281066894531
14M2102785_14_7.png,0.1070187647774367,10.612656139491548,0.47300517559051514,1.1780281066894531
14M2102785_17_15.png,0.22111170222699883,15.53074125450759,0.45115283131599426,1.1780281066894531
14M2102785_17_7.png,0.1506319753968099,11.235475565597453,0.46976354718208313,1.1780281066894531
14M2102785_18_6.png,0.11034398730463794,9.63774889431753,0.4824848473072052,1.1780281066894531
14M2102785_19_11.png,0.07969426965809637,10.212095523480011,0.46047526597976685,1.1780281066894531
14M2102785_20_10.png,0.07908911929628315,9.738373829720148,0.46082258224487305,1.1780281066894531
14M2102785_20_16.png,0.13597996608608973,11.495876773407359,0.4569830298423767,1.1780281066894531
14M2102785_21_15.png,0.12494007427762029,10.460921789976979,0.5166770219802856,1.1780281066894531
14M2102785_22_18.png,0.07715803601829241,9.954002261721635,0.44675666093826294,1.1780281066894531
14M2102785_23_7.png,0.1463799784722595,12.75775871997218,0.47094622254371643,1.1780281066894531
14M2102785_23_9.png,0.1501643502751763,12.769971525466918,0.49301329255104065,1.1780281066894531
14M2102785_24_18.png,0.07787932510719484,10.068135669925859,0.4689309000968933,1.1780281066894531
14M2102785_25_14.png,0.10077938687879569,9.709273157627049,0.49664202332496643,1.1780281066894531
14M2102785_25_16.png,0.09644640467551208,11.18375589803085,0.44098538160324097,1.1780281066894531
14M2102785_26_11.png,0.22576510383450057,11.183008797869737,0.47297152876853943,1.1780281066894531
14M2102785_27_14.png,0.12903965149854799,11.084649688496818,0.4433889389038086,1.1780281066894531
14M2102785_29_11.png,0.1611784138584854,11.422884913098468,0.4503747820854187,1.1780281066894531
15M2102762_10_13.png,0.23828887260710896,16.086947635449704,0.3932453393936157,1.1780281066894531
15M2102762_10_19.png,0.20591467297529364,15.666825598322568,0.39041635394096375,1.1780281066894531
15M2102762_11_7.png,0.29625080633475515,19.259899232911536,0.30497026443481445,1.1780281066894531
15M2102762_12_14.png,0.32272932947279714,16.96714073255886,0.4197606146335602,1.1780281066894531
15M2102762_14_17.png,0.35962797120458295,18.354893545575457,0.3396404981613159,1.1780281066894531
15M2102762_15_21.png,0.28797383186412384,16.150356691667135,0.35558807849884033,1.1780281066894531
15M2102762_16_25.png,0.34503639576223194,19.464117898801895,0.339215487241745,1.1780281066894531
15M2102762_16_8.png,0.23153433533349208,15.966454064244386,0.39348044991493225,1.1780281066894531
15M2102762_19_17.png,0.3721842675599989,15.830729402031187,0.474296897649765,1.1780281066894531
15M2102762_23_18.png,0.2890240324739455,15.030338867246622,0.43555015325546265,1.1780281066894531
15M2102762_23_19.png,0.28860544952641926,16.065897746433347,0.41837698221206665,1.1780281066894531
15M2102762_26_6.png,0.21602360598319525,15.716752277543018,0.4179992377758026,1.1780281066894531
15M2102762_27_25.png,0.25527087089805395,15.200841727890108,0.4394712448120117,1.1780281066894531
15M2102762_28_14.png,0.2368397386591261,14.855893174480206,0.42037728428840637,1.1780281066894531
15M2102762_29_10.png,0.1655419785923339,14.209138154143622,0.4177115857601166,1.1780281066894531
15M2102762_29_23.png,0.374313108540599,16.019969600375962,0.4793209135532379,1.1780281066894531
15M2102762_4_9.png,0.27198417127213675,19.34366331692949,0.33928051590919495,1.1780281066894531
15M2102762_6_9.png,0.3151669895403629,19.396780333396762,0.3175619840621948,1.1780281066894531
15M2102762_7_15.png,0.2482111281856255,16.461657615104595,0.4059094786643982,1.1780281066894531
15M2102762_7_22.png,0.22666730246412115,15.285436504019806,0.42989325523376465,1.1780281066894531
15M2102762_9_13.png,0.28403891251664964,17.54156818994556,0.38249561190605164,1.1780281066894531
16M2102718_13_13.png,0.29994215460084955,14.259213984553503,0.4139394164085388,1.1780281066894531
16M2102718_13_20.png,0.17418233043067666,14.254353273142815,0.4060322046279907,1.1780281066894531
16M2102718_13_23.png,0.25789186075526344,15.150800029611233,0.39944028854370117,1.1780281066894531
16M2102718_14_11.png,0.2060516463698873,13.561390750918411,0.4193715453147888,1.1780281066894531
16M2102718_14_24.png,0.26786004795146795,15.426756959330003,0.44907811284065247,1.1780281066894531
16M2102718_15_20.png,0.1801043932558103,14.826498098645292,0.40143081545829773,1.1780281066894531
16M2102718_17_18.png,0.2520050360394424,13.545611368582112,0.4058935046195984,1.1780281066894531
16M2102718_17_7.png,0.3662286335204404,17.38551808553048,0.3965468108654022,1.1780281066894531
16M2102718_18_11.png,0.20720320377308013,14.149305743295841,0.39696335792541504,1.1780281066894531
16M2102718_18_6.png,0.2681071164170736,14.314612598024574,0.41887906193733215,1.1780281066894531
16M2102718_19_22.png,0.11292430166345736,12.755688471697386,0.4452107548713684,1.1780281066894531
16M2102718_21_7.png,0.283294741950582,15.381710061964863,0.4181767404079437,1.1780281066894531
16M2102718_22_8.png,0.23981233244779002,13.776069059323504,0.4225347638130188,1.1780281066894531
16M2102718_23_18.png,0.16686984553522832,14.406243579694191,0.3821788430213928,1.1780281066894531
16M2102718_25_17.png,0.11931587075685253,12.325775599243624,0.4225110113620758,1.1780281066894531
16M2102718_27_20.png,0.24778755747522183,14.970552936039745,0.39502716064453125,1.1780281066894531
16M2102718_29_16.png,0.2790392903418318,14.521054663226646,0.3656984567642212,1.1780281066894531
16M2102718_30_12.png,0.23674590996983916,14.235678322752891,0.3579333424568176,1.1780281066894531
16M2102718_6_28.png,0.27023370533284496,14.329681632611944,0.40273517370224,1.1780281066894531
16M2102718_8_14.png,0.13413960556524832,13.773074613701038,0.4037444293498993,1.1780281066894531
17M2102569_12_19.png,0.26520692785861866,15.602535879426409,0.44507890939712524,1.1780281066894531
17M2102569_12_20.png,0.18217999379040897,14.497633517830552,0.47178077697753906,1.1780281066894531
17M2102569_12_21.png,0.20464267096024727,14.853057675338574,0.4571382999420166,1.1780281066894531
17M2102569_13_20.png,0.15318295683055708,13.785739975724908,0.5059394836425781,1.1780281066894531
17M2102569_15_15.png,0.19974288016404107,13.871237650390494,0.48927953839302063,1.1780281066894531
17M2102569_15_20.png,0.12087289578227928,12.610870680937934,0.5117521286010742,1.1780281066894531
17M2102569_16_12.png,0.2617681383837142,15.82495259069368,0.46823662519454956,1.1780281066894531
17M2102569_17_5.png,0.1822052005580114,13.999964908285934,0.48905280232429504,1.1780281066894531
17M2102569_17_6.png,0.26391021204436294,14.629907200679044,0.4796188175678253,1.1780281066894531
17M2102569_18_5.png,0.25895173447431813,15.47844785649004,0.45599231123924255,1.1780281066894531
17M2102569_18_7.png,0.361550180494469,16.772480699770377,0.4756539463996887,1.1780281066894531
17M2102569_20_5.png,0.3829334052859532,17.900099204941,0.40572553873062134,1.1780281066894531
17M2102569_21_16.png,0.39210562700857193,16.166939949765464,0.4660145044326782,1.1780281066894531
17M2102569_22_2.png,0.31152221603173197,17.73562633773158,0.4301719069480896,1.1780281066894531
17M2102569_22_4.png,0.3141694102688193,16.909262452935366,0.4448416829109192,1.1780281066894531
17M2102569_23_12.png,0.42595339949999467,16.78455139889454,0.44174450635910034,1.1780281066894531
17M2102569_23_23.png,0.3525397846504698,16.274368352673086,0.44188329577445984,1.1780281066894531
17M2102569_24_26.png,0.30153580374331485,14.997685836565584,0.4423391819000244,1.1780281066894531
17M2102569_25_20.png,0.3653340478263722,15.630767278275917,0.47333812713623047,1.1780281066894531
17M2102569_4_14.png,0.28733087088635884,16.245907301788463,0.45526865124702454,1.1780281066894531
17M2102569_7_8.png,0.3266942080819719,15.934327999530515,0.48579010367393494,1.1780281066894531
22M2102266_11_17.png,0.1893309688996745,12.662651805611988,0.44858431816101074,1.1780281066894531
22M2102266_12_16.png,0.12036940990442767,13.043587442450592,0.3845066726207733,1.1780281066894531
22M2102266_13_5.png,0.31830736447250557,14.15374559511288,0.4343971312046051,1.1780281066894531
22M2102266_14_10.png,0.2580582152440971,13.968304854591997,0.4287089407444,1.1780281066894531
22M2102266_14_21.png,0.11547766343113008,11.43126587498979,0.46054700016975403,1.1780281066894531
22M2102266_15_22.png,0.14134179461447216,13.30623527797142,0.3673868775367737,1.1780281066894531
22M2102266_16_13.png,0.1897374341044226,13.924921296448765,0.40768325328826904,1.1780281066894531
22M2102266_16_17.png,0.12458341739766406,11.480857023728486,0.4927716851234436,1.1780281066894531
22M2102266_16_19.png,0.11335466603959787,12.07177316823232,0.4794585704803467,1.1780281066894531
22M2102266_16_9.png,0.29058655974597664,13.12900228428826,0.43450307846069336,1.1780281066894531
22M2102266_18_23.png,0.14063338371172945,13.439122675882826,0.4054507613182068,1.1780281066894531
22M2102266_18_25.png,0.3510008459592964,15.572180339949337,0.38275232911109924,1.1780281066894531
22M2102266_19_15.png,0.10836190704429954,10.084354371328669,0.49398308992385864,1.1780281066894531
22M2102266_20_23.png,0.09106110032673491,11.815679170207169,0.41813239455223083,1.1780281066894531
22M2102266_20_9.png,0.38119476143099157,15.252722649219855,0.4125787615776062,1.1780281066894531
22M2102266_23_16.png,0.1258687977796962,10.787022203696617,0.43576860427856445,1.1780281066894531
22M2102266_23_17.png,0.1911562111850074,11.272265096395797,0.5042304396629333,1.1780281066894531
22M2102266_25_10.png,0.3186940076626478,13.544211536854217,0.429717481136322,1.1780281066894531
22M2102266_25_14.png,0.31311798939929564,13.819362715739462,0.43016162514686584,1.1780281066894531
22M2102266_8_10.png,0.30161124921269516,13.269232655354333,0.46184349060058594,1.1780281066894531
23M2102136_14_17.png,0.14615732000114331,12.858424583823382,0.4567614793777466,1.1780281066894531
23M2102136_14_19.png,0.10944085349863775,11.387829428442469,0.44274434447288513,1.1780281066894531
23M2102136_15_11.png,0.1899024063760054,15.472936371120287,0.4137316048145294,1.1780281066894531
23M2102136_16_13.png,0.13375687459909846,12.759015533367728,0.42266470193862915,1.1780281066894531
23M2102136_16_18.png,0.14629999082738135,12.728778434128689,0.43370550870895386,1.1780281066894531
23M2102136_18_15.png,0.16246183068908954,13.850244715016984,0.43259337544441223,1.1780281066894531
23M2102136_18_17.png,0.1336738895489851,13.434819118778877,0.42766135931015015,1.1780281066894531
23M2102136_19_6.png,0.2695100848987416,12.016126738466163,0.48569992184638977,1.1780281066894531
23M2102136_22_20.png,0.12022992488898067,11.117409033087121,0.45737066864967346,1.1780281066894531
23M2102136_23_11.png,0.13079555540189913,13.323286677685438,0.4176109731197357,1.1780281066894531
23M2102136_24_12.png,0.11641532181195592,11.007336615952637,0.44338053464889526,1.1780281066894531
23M2102136_24_20.png,0.13525482335041975,12.04915919346697,0.4239000976085663,1.1780281066894531
23M2102136_27_14.png,0.09135118589363433,11.322202188956377,0.4599502682685852,1.1780281066894531
23M2102136_27_18.png,0.19617634076722293,13.808929314226315,0.44536954164505005,1.1780281066894531
23M2102136_28_4.png,0.2422162725459892,11.166314273009244,0.45813703536987305,1.1780281066894531
23M2102136_34_12.png,0.09632054123094103,10.45863405294462,0.44782620668411255,1.1780281066894531
23M2102136_34_17.png,0.08345121464915217,10.527074721830317,0.44812530279159546,1.1780281066894531
23M2102136_9_14.png,0.14803848878607315,13.396148504039056,0.3836277723312378,1.1780281066894531
28M2101987_14_25.png,0.29609693610188786,16.482762884653216,0.36569488048553467,1.1780281066894531
28M2101987_15_20.png,0.13407558001872166,12.427955906081145,0.4276634752750397,1.1780281066894531
28M2101987_16_33.png,0.2221864377671959,12.455336398583349,0.46847373247146606,1.1780281066894531
28M2101987_17_9.png,0.1789512576181893,13.282176787944236,0.44607865810394287,1.1780281066894531
28M2101987_18_19.png,0.15315563590341497,13.109337001847036,0.45991235971450806,1.1780281066894531
28M2101987_19_17.png,0.17760056391131282,13.231950203151118,0.4721156358718872,1.1780281066894531
28M2101987_19_19.png,0.1627199924384602,12.428017282528419,0.5003535747528076,1.1780281066894531
28M2101987_19_8.png,0.1314137532185137,12.85601689629414,0.40669986605644226,1.1780281066894531
28M2101987_20_20.png,0.29804798888646267,12.185269208586732,0.4740399718284607,1.1780281066894531
28M2101987_20_9.png,0.14329214790579156,13.249072089169998,0.41803687810897827,1.1780281066894531
28M2101987_21_11.png,0.1317906890593031,12.650915591154419,0.41850027441978455,1.1780281066894531
28M2101987_22_14.png,0.18202511182617886,13.638793358017523,0.4394986629486084,1.1780281066894531
28M2101987_23_6.png,0.19713183269832157,10.718549713328438,0.4959344267845154,1.1780281066894531
28M2101987_24_18.png,0.17379903016832168,13.209132645533337,0.5136290788650513,1.1780281066894531
28M2101987_25_14.png,0.3777225722006515,15.37392072280184,0.40499037504196167,1.1780281066894531
28M2101987_25_9.png,0.3492126682332856,14.473689589371844,0.3930704593658447,1.1780281066894531
28M2101987_26_11.png,0.208066946964491,11.480258956069774,0.5840606689453125,1.1780281066894531
28M2101987_27_11.png,0.3691441422100161,15.33466244012352,0.5472032427787781,1.1780281066894531
28M2101987_28_5.png,0.169316146785805,13.628017960254581,0.4688205420970917,1.1780281066894531
28M2101987_40_7.png,0.1472859397603675,13.848156928408251,0.3302566111087799,1.1780281066894531
28M2101987_40_9.png,0.06478508883024182,13.89579112911041,0.3358684182167053,1.1780281066894531
2M2103108_12_17.png,0.21414080297515956,14.232609102165583,0.42281442880630493,1.1780281066894531
2M2103108_12_23.png,0.206804028030658,12.287566388221373,0.5207935571670532,1.1780281066894531
2M2103108_13_10.png,0.26499070364659844,17.199665339990094,0.4082915782928467,1.1780281066894531
2M2103108_13_23.png,0.26031906711534547,13.917842584596409,0.4759868383407593,1.1780281066894531
2M2103108_14_15.png,0.20182041665781245,15.202883993779867,0.4127110540866852,1.1780281066894531
2M2103108_14_17.png,0.22252403284397637,14.907487584979929,0.42644041776657104,1.1780281066894531
2M2103108_14_20.png,0.4520809925291513,13.498165968384937,0.5185810327529907,1.1780281066894531
2M2103108_17_16.png,0.18836048850255926,14.18261680323017,0.4412747919559479,1.1780281066894531
2M2103108_17_24.png,0.15360130120249302,12.282527640287864,0.5177405476570129,1.1780281066894531
2M2103108_17_25.png,0.20455856175123555,12.889421510705022,0.5341213941574097,1.1780281066894531
2M2103108_19_25.png,0.2030863895093458,14.036235379706252,0.4605208933353424,1.1780281066894531
2M2103108_20_7.png,0.26620363479007614,15.91340401939918,0.44186803698539734,1.1780281066894531
2M2103108_21_9.png,0.22437147315650108,14.92020992050287,0.43218982219696045,1.1780281066894531
2M2103108_22_19.png,0.2479266242980168,15.354867177287336,0.4366146922111511,1.1780281066894531
2M2103108_22_21.png,0.22579988731025466,14.946061154728948,0.45780104398727417,1.1780281066894531
2M2103108_28_20.png,0.21182198026231838,14.05616104682428,0.4861747920513153,1.1780281066894531
2M2103108_28_7.png,0.19792735964143904,12.884304958445433,0.49596723914146423,1.1780281066894531
2M2103108_31_13.png,0.29083550614963144,14.557567878541647,0.5307101011276245,1.1780281066894531
2M2103108_31_14.png,0.24738783483497573,15.206607488104847,0.4531896412372589,1.1780281066894531
2M2103108_31_3.png,0.16414192148376974,13.91006402839797,0.46036961674690247,1.1780281066894531
2M2103108_6_14.png,0.27571054631989095,15.489868352898915,0.38215088844299316,1.1780281066894531
31M2101871_11_21.png,0.1447195164892029,13.150952703803354,0.3904796838760376,1.1780281066894531
31M2101871_12_22.png,0.06627399359045756,11.349218262465385,0.4471209645271301,1.1780281066894531
31M2101871_12_23.png,0.18197118421716477,13.914679673817618,0.39756444096565247,1.1780281066894531
31M2101871_13_24.png,0.14108686604669587,11.928134709785292,0.42440173029899597,1.1780281066894531
31M2101871_13_29.png,0.09574825154538291,11.53315910423846,0.4646235704421997,1.1780281066894531
31M2101871_15_25.png,0.11361664532757056,10.359208694704503,0.4777395725250244,1.1780281066894531
31M2101871_19_25.png,0.20974606987206146,13.929090181591961,0.4026681184768677,1.1780281066894531
31M2101871_19_28.png,0.2323878147319728,14.531402344751722,0.411270409822464,1.1780281066894531
31M2101871_30_13.png,0.08140998340691079,10.66870708592745,0.45105141401290894,1.1780281066894531
31M2101871_31_11.png,0.26128991322408496,12.92065871201152,0.38442903757095337,1.1780281066894531
31M2101871_31_8.png,0.20041373649174096,12.003313151077993,0.4044812321662903,1.1780281066894531
31M2101871_34_17.png,0.16910042411879525,12.305678993069108,0.4554489552974701,1.1780281066894531
31M2101871_35_16.png,0.1363432152088356,12.008384816368466,0.40384578704833984,1.1780281066894531
31M2101871_37_15.png,0.10131098795581583,11.603484334166492,0.45553189516067505,1.1780281066894531
31M2101871_37_16.png,0.097624721208732,11.524700256634247,0.5109704732894897,1.1780281066894531
31M2101871_3_22.png,0.1977198525346767,13.491127442499218,0.43666699528694153,1.1780281066894531
31M2101871_3_27.png,0.09008086294943368,10.396572943343028,0.44472575187683105,1.1780281066894531
31M2101871_4_22.png,0.13915193141876078,12.489459872868549,0.4170510768890381,1.1780281066894531
31M2101871_6_19.png,0.18278436961999936,12.098088890900474,0.426025390625,1.1780281066894531
31M2101871_7_21.png,0.17783989191133998,13.460511035776427,0.42864254117012024,1.1780281066894531
32M2101861_10_21.png,0.16291372403378152,11.088346029760555,0.5150002241134644,1.1780281066894531
32M2101861_11_12.png,0.0723965629764917,10.425232598240397,0.5081827044487,1.1780281066894531
32M2101861_11_21.png,0.17035145761947748,10.33136624484515,0.5440578460693359,1.1780281066894531
32M2101861_13_23.png,0.2533638484790954,14.003158902671766,0.45384055376052856,1.1780281066894531
32M2101861_13_31.png,0.11881640710374468,10.309686560848876,0.5268954634666443,1.1780281066894531
32M2101861_16_20.png,0.3189755761349951,15.404462070216756,0.4788687825202942,1.1780281066894531
32M2101861_16_23.png,0.2611478843868648,16.447403151381796,0.45813995599746704,1.1780281066894531
32M2101861_19_20.png,0.29853575130782856,15.892945937894554,0.45916491746902466,1.1780281066894531
32M2101861_24_23.png,0.1285775621410009,11.804914993965106,0.4963279962539673,1.1780281066894531
32M2101861_26_17.png,0.20701514898205395,10.91609562331292,0.5200086236000061,1.1780281066894531
32M2101861_2_22.png,0.14166356730137025,11.053927010778235,0.5498032569885254,1.1780281066894531
32M2101861_3_20.png,0.13700377918863185,11.084114644189977,0.5112033486366272,1.1780281066894531
32M2101861_8_21.png,0.281768677739217,16.638963058132845,0.4211761951446533,1.1780281066894531
32M2101861_9_20.png,0.16301429771404072,10.338154610423029,0.5486885905265808,1.1780281066894531
33M2101839_10_5.png,0.16766853087261846,11.104305203536038,0.4863344430923462,1.1780281066894531
33M2101839_12_8.png,0.31399532417406,14.464427888376804,0.4376971423625946,1.1780281066894531
33M2101839_14_7.png,0.19256755722107025,13.609809914461554,0.48395252227783203,1.1780281066894531
33M2101839_14_8.png,0.20334988384486344,14.125759890606028,0.42787259817123413,1.1780281066894531
33M2101839_15_8.png,0.2003759739797826,14.020644113675061,0.43108364939689636,1.1780281066894531
33M2101839_16_9.png,0.1707503505344261,10.64325048314062,0.5385316014289856,1.1780281066894531
33M2101839_2_2.png,0.10878352162551859,9.833381742541064,0.5320085287094116,1.1780281066894531
33M2101839_2_8.png,0.21600184612573436,13.096707936074615,0.46119174361228943,1.1780281066894531
33M2101839_7_11.png,0.15850185992255195,12.49048239854124,0.47478216886520386,1.1780281066894531
33M2101839_8_12.png,0.12303424357823829,11.519360256065251,0.46577224135398865,1.1780281066894531
33M2101839_8_5.png,0.11428614538952657,9.488474824972231,0.5224002003669739,1.1780281066894531
33M2101839_8_6.png,0.27052104800175597,13.219637951987862,0.4461950361728668,1.1780281066894531
33M2101839_9_13.png,0.1350094310863554,12.258892543471143,0.4705636203289032,1.1780281066894531
35M2101733_10_4.png,0.26157104399228415,12.69847786463317,0.4771216809749603,1.1780281066894531
35M2101733_2_13.png,0.15031273821545363,11.30860403141429,0.5362538695335388,1.1780281066894531
35M2101733_2_14.png,0.18384930279990383,12.13050573976682,0.5326552391052246,1.1780281066894531
35M2101733_3_13.png,0.14372956612377655,11.264634321001044,0.5258660912513733,1.1780281066894531
35M2101733_4_13.png,0.1752305155277262,11.85528342209933,0.5320096015930176,1.1780281066894531
35M2101733_5_13.png,0.14200343171303856,11.396228779389938,0.5426468253135681,1.1780281066894531
35M2101733_5_4.png,0.3292985981754624,14.34473128086948,0.3961775004863739,1.1780281066894531
35M2101733_6_13.png,0.12269211352699975,11.158279805816749,0.5366277098655701,1.1780281066894531
35M2101733_6_14.png,0.0964464041131034,10.436015182034634,0.5197931528091431,1.1780281066894531
35M2101733_7_14.png,0.19642514762934715,12.731267536760807,0.4818494915962219,1.1780281066894531
35M2101733_7_3.png,0.3575077116777072,14.339714428475885,0.4106603264808655,1.1780281066894531
35M2101733_8_15.png,0.31354713810835344,12.842714216721747,0.48454776406288147,1.1780281066894531
35M2101733_8_6.png,0.3138919797016277,14.35697514357006,0.4322682321071625,1.1780281066894531
39M2101576_12_15.png,0.12366166382065143,8.736483138625823,0.524189293384552,1.1780281066894531
39M2101576_12_19.png,0.11455498209465732,8.058498336740547,0.5575107336044312,1.1780281066894531
39M2101576_14_21.png,0.10249984143798228,7.833126833423002,0.5790171027183533,1.1780281066894531
39M2101576_15_2.png,0.2869401549218329,16.865890964617652,0.3839893341064453,1.1780281066894531
39M2101576_16_30.png,0.10959999307533651,8.166904578744285,0.5833057761192322,1.1780281066894531
39M2101576_20_11.png,0.2247280666442203,11.171626551564371,0.4634414315223694,1.1780281066894531
39M2101576_22_30.png,0.14344937837597252,9.14136620621096,0.5502201914787292,1.1780281066894531
39M2101576_25_2.png,0.1236065524958413,8.7371646133141,0.5137489438056946,1.1780281066894531
39M2101576_29_6.png,0.17286164078819563,9.032257064191576,0.5239938497543335,1.1780281066894531
39M2101576_30_7.png,0.2224082502516216,12.703391215558124,0.46089017391204834,1.1780281066894531
39M2101576_30_8.png,0.12615691314879043,8.936962875427515,0.5366019010543823,1.1780281066894531
39M2101576_31_6.png,0.1293975493778964,9.95131858778214,0.5100967884063721,1.1780281066894531
39M2101576_36_7.png,0.15116990009192854,13.793640376452075,0.4003196954727173,1.1780281066894531
39M2101576_6_23.png,0.2125798095346055,13.165435450408957,0.42807263135910034,1.1780281066894531
40M2101566_15_19.png,0.14845260012658748,11.02264152498658,0.5031371116638184,1.1780281066894531
40M2101566_15_24.png,0.16247156056421175,11.539276832547253,0.5069652199745178,1.1780281066894531
40M2101566_16_16.png,0.17712656519719114,10.187396265548362,0.5240710377693176,1.1780281066894531
40M2101566_19_20.png,0.11600654499480621,10.726725809475637,0.5552129149436951,1.1780281066894531
40M2101566_19_29.png,0.19102070735472523,12.998146219616707,0.4818193018436432,1.1780281066894531
40M2101566_20_30.png,0.18246632149502248,12.199570638290817,0.5309404730796814,1.1780281066894531
40M2101566_20_31.png,0.11736310137292745,11.591544479068299,0.5031578540802002,1.1780281066894531
40M2101566_21_27.png,0.22687083100669758,12.34525803397299,0.4753955900669098,1.1780281066894531
40M2101566_21_31.png,0.16945276811549362,12.74325249603808,0.4533844292163849,1.1780281066894531
40M2101566_22_32.png,0.19287889891586804,14.318780632704007,0.41812869906425476,1.1780281066894531
40M2101566_24_24.png,0.14102767496918012,12.058845981381998,0.4919217824935913,1.1780281066894531
40M2101566_26_25.png,0.11564971594499168,11.043752153531809,0.530315101146698,1.1780281066894531
40M2101566_27_21.png,0.1874639092416672,14.452960217744002,0.44897860288619995,1.1780281066894531
40M2101566_28_33.png,0.16702482289120604,13.08789557105063,0.451752632856369,1.1780281066894531
40M2101566_28_8.png,0.24318062952262987,14.360805445565605,0.4693959355354309,1.1780281066894531
40M2101566_29_15.png,0.19511121591015504,10.44489169892001,0.5543756484985352,1.1780281066894531
40M2101566_36_18.png,0.193228694277748,11.714118591269923,0.5138435363769531,1.1780281066894531
40M2101566_36_34.png,0.12346062214377647,11.603842782297791,0.5105476379394531,1.1780281066894531
40M2101566_37_25.png,0.2190211446965029,13.296090302920948,0.47177767753601074,1.1780281066894531
40M2101566_41_35.png,0.2184432951554964,14.014837929480098,0.43382275104522705,1.1780281066894531
40M2101566_42_34.png,0.14357395393356331,11.059829883955828,0.5020211935043335,1.1780281066894531
40M2101566_42_8.png,0.408217821440853,15.250487707213027,0.5187745690345764,1.1780281066894531
40M2101566_44_27.png,0.14024301426989297,12.465807287739814,0.48756691813468933,1.1780281066894531
41M2101552_22_14.png,0.31904304082528395,15.908198447088807,0.480586439371109,1.1780281066894531
44M2101492_10_34.png,0.2361647417459507,13.453592403457668,0.43338125944137573,1.1780281066894531
44M2101492_12_27.png,0.2837346499993704,15.310642406654768,0.4501771628856659,1.1780281066894531
44M2101492_13_35.png,0.1784757987865894,16.36314113940773,0.41507789492607117,1.1780281066894531
44M2101492_13_9.png,0.2290144056897684,16.165345449340936,0.45435482263565063,1.1780281066894531
44M2101492_16_7.png,0.21953520840529095,16.683404727062204,0.42771977186203003,1.1780281066894531
44M2101492_18_29.png,0.14032938686021965,14.954220164641947,0.4510853886604309,1.1780281066894531
44M2101492_19_31.png,0.18140293193518742,15.346893378882342,0.43329375982284546,1.1780281066894531
44M2101492_19_8.png,0.2970236818228921,16.037318039906555,0.4503151476383209,1.1780281066894531
44M2101492_22_28.png,0.13832525098787596,14.568469417652107,0.4842742383480072,1.1780281066894531
44M2101492_28_23.png,0.2427372248186445,14.006422680447672,0.5118921399116516,1.1780281066894531
44M2101492_28_26.png,0.12917110504251594,14.133500618596768,0.48291558027267456,1.1780281066894531
44M2101492_30_21.png,0.2823940063158375,15.251996433259436,0.4983586370944977,1.1780281066894531
44M2101492_31_25.png,0.26765484560285363,14.161641069824407,0.5270735025405884,1.1780281066894531
44M2101492_32_26.png,0.3758915776674283,15.044718789634796,0.4776238203048706,1.1780281066894531
44M2101492_5_30.png,0.26313607421871804,9.783701434239244,0.5395855903625488,1.1780281066894531
44M2101492_5_33.png,0.15513349010482494,15.369099713873126,0.4229380488395691,1.1780281066894531
44M2101492_7_29.png,0.27882937289621745,15.54377469847383,0.4550222158432007,1.1780281066894531
44M2101492_8_29.png,0.1579065262989998,14.853930417358583,0.4684717059135437,1.1780281066894531
45M2101377_10_6.png,0.17400530542474602,14.617618144547691,0.4449678063392639,1.1780281066894531
45M2101377_10_7.png,0.24804246084673773,15.505224220261669,0.4013110101222992,1.1780281066894531
45M2101377_11_6.png,0.20407787060015484,15.18993474908363,0.43957364559173584,1.1780281066894531
45M2101377_12_11.png,0.39265922791697633,15.584033679353633,0.42388057708740234,1.1780281066894531
45M2101377_12_25.png,0.3308401037005704,15.519508500505925,0.4686296284198761,1.1780281066894531
45M2101377_13_10.png,0.26438760289961305,13.289682027142025,0.472475528717041,1.1780281066894531
45M2101377_13_5.png,0.2596814956090496,14.958174887509962,0.46343815326690674,1.1780281066894531
45M2101377_14_26.png,0.3875004898758383,16.569829641521657,0.46234893798828125,1.1780281066894531
45M2101377_15_31.png,0.38911471151280397,15.226620092062992,0.45301440358161926,1.1780281066894531
45M2101377_16_8.png,0.27307483704255825,16.037012199518696,0.42753350734710693,1.1780281066894531
45M2101377_17_18.png,0.2564314621274946,15.515293383420804,0.43566328287124634,1.1780281066894531
45M2101377_19_7.png,0.45704799873102325,16.74856482379483,0.4326947033405304,1.1780281066894531
45M2101377_20_16.png,0.1874004870929078,13.68281054964132,0.3888133764266968,1.1780281066894531
45M2101377_22_10.png,0.2561840115447922,16.017367055391468,0.4692104458808899,1.1780281066894531
45M2101377_24_6.png,0.19992649904600612,15.075143257922981,0.4226592481136322,1.1780281066894531
45M2101377_25_10.png,0.1575786173005246,13.099938492742725,0.4672664403915405,1.1780281066894531
45M2101377_25_5.png,0.2720596084609552,16.96651209991571,0.4252471923828125,1.1780281066894531
45M2101377_26_9.png,0.12669917538858907,11.859518596745493,0.4292883276939392,1.1780281066894531
45M2101377_32_18.png,0.36260507784508267,15.378434979470565,0.4367932081222534,1.1780281066894531
45M2101377_37_26.png,0.3487123381430255,15.348314426415895,0.43487945199012756,1.1780281066894531
45M2101377_5_20.png,0.34077711271562827,17.663249561056443,0.46050238609313965,1.1780281066894531
45M2101377_7_2.png,0.27869599697272024,15.804849972706133,0.46409279108047485,1.1780281066894531
45M2101377_8_32.png,0.4401357473712925,15.050047893664988,0.4633246660232544,1.1780281066894531
45M2101377_8_7.png,0.23548938464238578,13.980238192750612,0.4830189645290375,1.1780281066894531
46M2101353_11_7.png,0.1778839860979112,15.831042616785954,0.3967187702655792,1.1780281066894531
46M2101353_12_11.png,0.19658686140855539,12.010148062537581,0.506026566028595,1.1780281066894531
46M2101353_13_16.png,0.07705066803321954,8.681552506738175,0.5625995397567749,1.1780281066894531
46M2101353_14_26.png,0.05551247979938512,8.381987141206825,0.5523096919059753,1.1780281066894531
46M2101353_16_9.png,0.0783711229372637,9.7097441379242,0.5349652171134949,1.1780281066894531
46M2101353_17_13.png,0.07133770731446847,8.178892594636944,0.584247350692749,1.1780281066894531
46M2101353_17_18.png,0.06251583574632079,8.846673701427896,0.5690529346466064,1.1780281066894531
46M2101353_17_21.png,0.06086968262914155,8.184952521935884,0.5670636296272278,1.1780281066894531
46M2101353_17_8.png,0.05691409806013153,8.663765266334408,0.5493922829627991,1.1780281066894531
46M2101353_18_31.png,0.15666735591218003,11.928050877731543,0.4844786524772644,1.1780281066894531
46M2101353_19_16.png,0.07342185372039255,8.391953491298947,0.5905482769012451,1.1780281066894531
46M2101353_20_8.png,0.08970697981877318,8.922355683006465,0.5670600533485413,1.1780281066894531
46M2101353_21_18.png,0.06847704334779385,8.170934935543043,0.5805866718292236,1.1780281066894531
46M2101353_23_11.png,0.09913807849011087,9.222285153818119,0.5765210390090942,1.1780281066894531
46M2101353_23_26.png,0.06693359203025939,8.64700151791499,0.5599492788314819,1.1780281066894531
46M2101353_25_14.png,0.07245541185033909,7.99636806364763,0.5619965195655823,1.1780281066894531
46M2101353_26_27.png,0.07529682055089443,9.106455329479633,0.5504975318908691,1.1780281066894531
46M2101353_27_16.png,0.06577861069173611,7.9843141927925085,0.5690365433692932,1.1780281066894531
46M2101353_27_23.png,0.074574986531602,8.167187884671334,0.5669170618057251,1.1780281066894531
46M2101353_28_24.png,0.10431119236723364,10.663073990395045,0.5130200386047363,1.1780281066894531
46M2101353_29_22.png,0.07661026213365706,8.726746017392239,0.5535056591033936,1.1780281066894531
46M2101353_31_9.png,0.06169666962687138,8.17303379731248,0.5629560947418213,1.1780281066894531
46M2101353_34_14.png,0.07758925484880376,10.497404763681535,0.5180782675743103,1.1780281066894531
46M2101353_34_16.png,0.13074428369757418,13.068889839022882,0.4993058443069458,1.1780281066894531
47M2101316_10_22.png,0.16519846413659534,13.278391318434505,0.43947094678878784,1.1780281066894531
47M2101316_11_17.png,0.30079376612669245,15.238984898338055,0.4201246500015259,1.1780281066894531
47M2101316_13_7.png,0.1896864063161429,13.286851245696468,0.40522271394729614,1.1780281066894531
47M2101316_14_26.png,0.15429389792012274,12.907194310172263,0.41615450382232666,1.1780281066894531
47M2101316_15_16.png,0.21530201795463835,10.819142569062459,0.43546637892723083,1.1780281066894531
47M2101316_18_27.png,0.27862242830153283,14.921634012274305,0.47226327657699585,1.1780281066894531
47M2101316_23_17.png,0.26734946259964704,16.17468374811559,0.4192235469818115,1.1780281066894531
47M2101316_23_18.png,0.24413223086915478,15.741881816398918,0.40956568717956543,1.1780281066894531
47M2101316_27_23.png,0.28026803680995555,16.16640730197204,0.404499351978302,1.1780281066894531
47M2101316_4_32.png,0.40384825239462563,15.505224125982615,0.4245910346508026,1.1780281066894531
47M2101316_4_34.png,0.18094978297588607,13.225124863975829,0.45617035031318665,1.1780281066894531
47M2101316_6_19.png,0.23846429677309078,13.828867281274484,0.46693021059036255,1.1780281066894531
47M2101316_9_23.png,0.16676497639795138,13.528403012811399,0.43385711312294006,1.1780281066894531
47M2101316_9_28.png,0.21052007333899056,13.485038135046699,0.4367966949939728,1.1780281066894531
48M2101314_12_20.png,0.19540856560875222,15.528536375973282,0.35771775245666504,1.1780281066894531
48M2101314_23_11.png,0.3530323627100916,17.931499035413072,0.3603796064853668,1.1780281066894531
48M2101314_26_34.png,0.26124972912226135,17.6187951781203,0.3396220803260803,1.1780281066894531
48M2101314_27_28.png,0.3844753625216362,19.010121118363475,0.33545365929603577,1.1780281066894531
48M2101314_28_26.png,0.2354533143489772,17.280017498403254,0.3545100688934326,1.1780281066894531
48M2101314_28_35.png,0.21549685482449632,16.65960743483495,0.32831093668937683,1.1780281066894531
48M2101314_30_35.png,0.21428013681907576,17.428803161498053,0.329283744096756,1.1780281066894531
48M2101314_33_16.png,0.3447409716490184,17.99819255129446,0.37247759103775024,1.1780281066894531
48M2101314_33_32.png,0.15957922880020536,16.888787073665394,0.2976430654525757,1.1780281066894531
48M2101314_35_22.png,0.24241517277162158,17.27975655952475,0.3812154233455658,1.1780281066894531
48M2101314_35_36.png,0.13990679899989658,16.37536439215587,0.3109678626060486,1.1780281066894531
48M2101314_36_39.png,0.15118772674010295,16.520408565940787,0.294967919588089,1.1780281066894531
48M2101314_38_42.png,0.168557210954029,16.6736001389262,0.3038313686847687,1.1780281066894531
48M2101314_44_35.png,0.2134243819339775,17.861429826401217,0.3465443551540375,1.1780281066894531
48M2101314_46_22.png,0.2403101998747894,15.812230785550119,0.36075785756111145,1.1780281066894531
48M2101314_5_18.png,0.28817864149819844,18.30130163678477,0.35779574513435364,1.1780281066894531
48M2101314_8_23.png,0.2876088114007273,17.850156958290583,0.37175634503364563,1.1780281066894531
48M2101314_8_29.png,0.13854777131156296,15.615349045217071,0.304913729429245,1.1780281066894531
48M2101314_9_31.png,0.16801406952269407,16.289406207128295,0.3285309076309204,1.1780281066894531
4M2103059_10_13.png,0.14054838389675087,13.448916129218883,0.449590265750885,1.1780281066894531
4M2103059_10_9.png,0.1305508871648727,10.962333622297892,0.5361772775650024,1.1780281066894531
4M2103059_11_11.png,0.11102856970052201,10.16595603624178,0.5272378325462341,1.1780281066894531
4M2103059_11_13.png,0.14068407493982515,13.134627447923775,0.46755847334861755,1.1780281066894531
4M2103059_18_10.png,0.2622623324930251,13.08578796329121,0.5139365792274475,1.1780281066894531
4M2103059_18_8.png,0.23107321224668212,12.971831494058922,0.5222364664077759,1.1780281066894531
4M2103059_21_13.png,0.22800413517940354,11.667986897411119,0.5274591445922852,1.1780281066894531
4M2103059_21_19.png,0.2588444828493763,12.720385378392303,0.5545230507850647,1.1780281066894531
4M2103059_21_8.png,0.25867716721316875,12.678522301308666,0.5329654216766357,1.1780281066894531
4M2103059_22_17.png,0.1739814317970283,11.28879154364312,0.5625261068344116,1.1780281066894531
4M2103059_22_19.png,0.18467225523990605,13.47439597851455,0.5244983434677124,1.1780281066894531
4M2103059_27_13.png,0.16400723205621423,11.27789569334116,0.5266727209091187,1.1780281066894531
4M2103059_28_8.png,0.26742280033299326,14.010572323305679,0.5006131529808044,1.1780281066894531
4M2103059_29_13.png,0.30966270330249834,13.150743305263365,0.4611097276210785,1.1780281066894531
4M2103059_9_14.png,0.22474517277857387,11.595075338710327,0.507785439491272,1.1780281066894531
50M2101298_12_16.png,0.19627537566393918,15.871125057893625,0.4714166522026062,1.1780281066894531
50M2101298_13_12.png,0.07998539833589967,10.743683016039894,0.5993243455886841,1.1780281066894531
50M2101298_13_15.png,0.1941702295330899,16.782482657770153,0.4895365238189697,1.1780281066894531
50M2101298_14_13.png,0.09394383942813485,11.301516849070179,0.6119732856750488,1.1780281066894531
50M2101298_14_9.png,0.07031000482900877,11.789327030604495,0.565186083316803,1.1780281066894531
50M2101298_18_12.png,0.2181276008539428,14.367960315680104,0.47397515177726746,1.1780281066894531
50M2101298_18_8.png,0.20504558467552433,14.41120950452966,0.4393991231918335,1.1780281066894531
50M2101298_21_14.png,0.1963445991821902,13.409404863890073,0.44226089119911194,1.1780281066894531
50M2101298_22_13.png,0.1754237908491448,13.685894775246275,0.44016531109809875,1.1780281066894531
50M2101298_23_14.png,0.15960272166459988,13.837108555817462,0.45113101601600647,1.1780281066894531
50M2101298_23_15.png,0.25174290068805405,14.940695389245688,0.4598582088947296,1.1780281066894531
50M2101298_23_8.png,0.20804234549453696,12.910519176536287,0.464862585067749,1.1780281066894531
50M2101298_9_14.png,0.261756300615491,14.733781484049231,0.4626695215702057,1.1780281066894531
51M2101285_14_18.png,0.34242827356232225,14.582993861056178,0.4096089005470276,1.1780281066894531
51M2101285_15_15.png,0.26377823207548995,14.362271652790554,0.4250487685203552,1.1780281066894531
51M2101285_17_12.png,0.22750184947484584,12.017032398263943,0.4395293593406677,1.1780281066894531
51M2101285_19_15.png,0.1619977508276834,10.24761493660884,0.4678833484649658,1.1780281066894531
51M2101285_20_11.png,0.2722069808803335,14.88171496062787,0.42000579833984375,1.1780281066894531
51M2101285_20_19.png,0.15276315973626695,9.842286121419907,0.46859902143478394,1.1780281066894531
51M2101285_22_24.png,0.19236304539302565,13.197189715495263,0.43920132517814636,1.1780281066894531
51M2101285_24_11.png,0.2540477049632394,13.911268895756672,0.44374215602874756,1.1780281066894531
51M2101285_24_18.png,0.2747434013275837,14.153360684205115,0.4132333993911743,1.1780281066894531
51M2101285_29_18.png,0.26482102514785305,14.451207068604377,0.39466798305511475,1.1780281066894531
51M2101285_29_19.png,0.29997179805140783,14.735618700095259,0.38715413212776184,1.1780281066894531
51M2101285_29_7.png,0.12916842141448578,7.285554846427024,0.5580829977989197,1.1780281066894531
51M2101285_30_8.png,0.3159436133691529,15.07447154179388,0.4204524755477905,1.1780281066894531
51M2101285_32_20.png,0.3666011744451869,15.539788843551436,0.43958503007888794,1.1780281066894531
51M2101285_35_10.png,0.3314239523663983,16.291988224986987,0.41346246004104614,1.1780281066894531
51M2101285_5_17.png,0.22481798856619284,15.029128048565504,0.43222710490226746,1.1780281066894531
51M2101285_5_18.png,0.2712202850348087,15.382332378373802,0.46035802364349365,1.1780281066894531
55M2101131_10_26.png,0.20955306060303894,13.837863455854546,0.4618610739707947,1.1780281066894531
55M2101131_11_24.png,0.25669829601434974,12.298899078691933,0.46619635820388794,1.1780281066894531
55M2101131_12_28.png,0.2613194339110303,13.510109287728822,0.4809607267379761,1.1780281066894531
55M2101131_16_13.png,0.2007430790033513,13.573612038736567,0.4409758448600769,1.1780281066894531
55M2101131_16_17.png,0.1699565566421349,13.265975315396838,0.4823470711708069,1.1780281066894531
55M2101131_17_20.png,0.5218573876431152,12.377567399276332,0.5083220601081848,1.1780281066894531
55M2101131_18_16.png,0.13543004419316632,9.831683444610892,0.5505032539367676,1.1780281066894531
55M2101131_21_28.png,0.26525821820739287,14.441833513488376,0.48264801502227783,1.1780281066894531
55M2101131_31_16.png,0.3048808601115614,12.751136522068801,0.47315514087677,1.1780281066894531
55M2101131_5_21.png,0.2562449285662924,13.880383515197108,0.4948640465736389,1.1780281066894531
55M2101131_8_24.png,0.24038479361270212,13.297376276357584,0.45891138911247253,1.1780281066894531
56M2101083_13_9.png,0.2034875582538966,15.07017672613372,0.40612414479255676,1.1780281066894531
56M2101083_17_19.png,0.2517183777696614,14.839417504874117,0.43270552158355713,1.1780281066894531
56M2101083_21_11.png,0.18605399377610357,14.761600231233194,0.41643303632736206,1.1780281066894531
56M2101083_21_8.png,0.24621452138434266,16.03648768002815,0.40195879340171814,1.1780281066894531
56M2101083_24_9.png,0.24263960190328407,15.753328330862942,0.413213849067688,1.1780281066894531
56M2101083_27_16.png,0.3156244330865236,15.480703736872844,0.40461915731430054,1.1780281066894531
56M2101083_27_21.png,0.4207339097363782,15.498836561118875,0.4214904010295868,1.1780281066894531
56M2101083_28_20.png,0.3273278490410825,13.624290582418546,0.4610936939716339,1.1780281066894531
56M2101083_29_35.png,0.2674026247936502,14.53505092498997,0.37523922324180603,1.1780281066894531
56M2101083_31_36.png,0.22251480043755126,15.086820332230776,0.40868324041366577,1.1780281066894531
56M2101083_35_24.png,0.2356324886342033,14.981203299885951,0.4201667606830597,1.1780281066894531
56M2101083_36_35.png,0.28520083398324597,14.458733532227892,0.4461303949356079,1.1780281066894531
56M2101083_36_36.png,0.240094449016095,14.668283312230216,0.462158203125,1.1780281066894531
56M2101083_37_32.png,0.2939676695332598,13.518867839707223,0.4732096493244171,1.1780281066894531
56M2101083_38_17.png,0.2976421396991451,16.185041109104287,0.4172179400920868,1.1780281066894531
58M2100997_10_15.png,0.12010100731905371,9.049395305323266,0.5223550796508789,1.1780281066894531
58M2100997_13_14.png,0.2378166172505459,9.59737412816499,0.4656047821044922,1.1780281066894531
58M2100997_13_18.png,0.21091269042817115,11.993117645393527,0.3988865315914154,1.1780281066894531
58M2100997_13_19.png,0.28799818228436463,15.980144049648171,0.37799686193466187,1.1780281066894531
58M2100997_15_10.png,0.20265145061849346,8.97866333590945,0.5059806108474731,1.1780281066894531
58M2100997_15_13.png,0.08213337088351162,8.318461417446418,0.5273006558418274,1.1780281066894531
58M2100997_18_8.png,0.3607684770434525,10.079082799606399,0.4135077893733978,1.1780281066894531
58M2100997_21_11.png,0.2353884325862715,9.952304712818464,0.49518612027168274,1.1780281066894531
58M2100997_26_10.png,0.13173807112773128,9.34185372809506,0.5166469216346741,1.1780281066894531
58M2100997_26_12.png,0.2665033310539326,16.136081563369594,0.39154645800590515,1.1780281066894531
58M2100997_26_9.png,0.13970697621990344,9.402213647143752,0.5106053948402405,1.1780281066894531
58M2100997_28_24.png,0.27251274659075203,15.920375162725978,0.421061247587204,1.1780281066894531
58M2100997_30_21.png,0.20144749276240295,11.423030880116842,0.43689635396003723,1.1780281066894531
58M2100997_31_15.png,0.30176099413590357,15.661501596964182,0.437766432762146,1.1780281066894531
58M2100997_36_20.png,0.3160860068242984,16.641046762484734,0.3827721178531647,1.1780281066894531
58M2100997_40_10.png,0.2645224527149947,16.671582967547952,0.43049371242523193,1.1780281066894531
58M2100997_41_20.png,0.19573523922710048,13.258745055261603,0.4826550781726837,1.1780281066894531
60M2100980_11_7.png,0.1001766933808574,11.294026006818177,0.5527157783508301,1.1780281066894531
60M2100980_12_13.png,0.18408908449494957,9.272579570456735,0.5061306357383728,1.1780281066894531
60M2100980_14_25.png,0.1347945397756922,13.29267340024272,0.4579290449619293,1.1780281066894531
60M2100980_16_25.png,0.12225052084863079,14.35715418867119,0.3927284777164459,1.1780281066894531
60M2100980_17_17.png,0.1422355813648223,7.802908222468163,0.5787445902824402,1.1780281066894531
60M2100980_18_22.png,0.1383445454305849,10.132916134049022,0.5333871245384216,1.1780281066894531
60M2100980_21_13.png,0.23879116217674654,9.128379845214054,0.5488467812538147,1.1780281066894531
60M2100980_21_16.png,0.19534944471335416,8.858049014656416,0.5872738361358643,1.1780281066894531
60M2100980_22_9.png,0.28857820219631897,10.287097717055147,0.5112146139144897,1.1780281066894531
60M2100980_27_26.png,0.20929803598863597,9.900992214169243,0.5322939157485962,1.1780281066894531
60M2100980_29_19.png,0.23196576185706272,8.39829444423948,0.5752732753753662,1.1780281066894531
60M2100980_29_26.png,0.4198847728880202,13.00194724706447,0.4767113924026489,1.1780281066894531
60M2100980_30_23.png,0.20199225687368713,9.183605774071701,0.5578287839889526,1.1780281066894531
60M2100980_31_13.png,0.08960044195270296,10.831756566203696,0.5255199074745178,1.1780281066894531
60M2100980_32_24.png,0.28978837441586,11.796798841591585,0.5423070192337036,1.1780281066894531
60M2100980_36_13.png,0.21905645858185338,10.071345821300707,0.5046491622924805,1.1780281066894531
60M2100980_36_14.png,0.18132365418222798,9.719714820942277,0.5011587142944336,1.1780281066894531
60M2100980_36_18.png,0.27274305586949305,9.649192248096588,0.522684633731842,1.1780281066894531
60M2100980_40_21.png,0.1486263793512149,9.44463249499734,0.5645470023155212,1.1780281066894531
60M2100980_43_22.png,0.08549893651186781,9.459479417202015,0.5410496592521667,1.1780281066894531
60M2100980_43_24.png,0.20443303085050532,10.543736964377375,0.5308184027671814,1.1780281066894531
60M2100980_45_19.png,0.1223248987575989,9.145525850516874,0.5607410669326782,1.1780281066894531
61M2100979_10_16.png,0.29101974890375465,10.373452688331477,0.5404307246208191,1.1780281066894531
61M2100979_10_22.png,0.1738440264931417,12.671971007397369,0.5072678923606873,1.1780281066894531
61M2100979_10_23.png,0.2860846429033604,13.34456748863177,0.504844605922699,1.1780281066894531
61M2100979_10_27.png,0.3997221371397379,14.225223605786294,0.5575056672096252,1.1780281066894531
61M2100979_12_30.png,0.3852443149588185,13.13555198752242,0.5504336357116699,1.1780281066894531
61M2100979_13_21.png,0.23820159408778718,12.582197078604448,0.563730001449585,1.1780281066894531
61M2100979_13_25.png,0.3785032802799411,12.694783072437652,0.6003062725067139,1.1780281066894531
61M2100979_13_27.png,0.32013225105684756,12.634377344397718,0.6114131808280945,1.1780281066894531
61M2100979_13_28.png,0.3446854826348873,13.163867537227032,0.5740661025047302,1.1780281066894531
61M2100979_13_29.png,0.30197040921455814,12.406431818802854,0.5379015207290649,1.1780281066894531
61M2100979_14_19.png,0.18958005785592635,11.770600013760921,0.5554696321487427,1.1780281066894531
61M2100979_14_24.png,0.37944692675529873,12.28752824439611,0.587960958480835,1.1780281066894531
61M2100979_14_25.png,0.24345038144880263,12.251653745901907,0.6663494110107422,1.1780281066894531
61M2100979_15_14.png,0.2987012762838808,14.684527625235068,0.4665490984916687,1.1780281066894531
61M2100979_15_27.png,0.31223773391787657,13.508368894364393,0.6096485257148743,1.1780281066894531
61M2100979_18_23.png,0.3917656935279556,12.901568002183199,0.5595481395721436,1.1780281066894531
61M2100979_19_21.png,0.14223186628984974,10.667306854302861,0.6657611131668091,1.1780281066894531
61M2100979_20_21.png,0.25838346822303987,10.887918786343079,0.6330538988113403,1.1780281066894531
61M2100979_22_21.png,0.35279452384784254,12.585738024915102,0.5653755068778992,1.1780281066894531
61M2100979_26_17.png,0.29586580045590605,12.140851145692968,0.6475295424461365,1.1780281066894531
61M2100979_3_23.png,0.2765423938452744,13.82429131296833,0.45139074325561523,1.1780281066894531
61M2100979_3_26.png,0.17011807931022696,13.047263518022998,0.46934381127357483,1.1780281066894531
61M2100979_6_24.png,0.2477349350292084,12.934661168047853,0.5256631970405579,1.1780281066894531
61M2100979_6_25.png,0.21200689755278704,12.505515571510825,0.5821903347969055,1.1780281066894531
61M2100979_7_30.png,0.19238326957459762,12.715464712282667,0.629919171333313,1.1780281066894531
61M2100979_8_16.png,0.35421276279709396,15.15985785547584,0.4803200364112854,1.1780281066894531
61M2100979_9_15.png,0.41331919162587566,13.343137923174817,0.44711464643478394,1.1780281066894531
61M2100979_9_19.png,0.19283537065592923,12.745658160451626,0.5121949315071106,1.1780281066894531
61M2100979_9_30.png,0.2670263295054091,13.554907034056487,0.5872859358787537,1.1780281066894531
62M2100915_18_18.png,0.20505615255154705,17.59122304407733,0.3800302743911743,1.1780281066894531
62M2100915_18_23.png,0.24621399563040444,18.158598495940133,0.3955189287662506,1.1780281066894531
62M2100915_18_8.png,0.17605059443425994,15.131465598604883,0.41547051072120667,1.1780281066894531
62M2100915_19_15.png,0.21627549157416,16.683205180149375,0.4006468653678894,1.1780281066894531
62M2100915_20_33.png,0.24734619832697202,15.714485677872247,0.45342010259628296,1.1780281066894531
62M2100915_21_24.png,0.18718225288598492,15.09266151324719,0.43718498945236206,1.1780281066894531
62M2100915_21_27.png,0.1841087890542706,15.500497567405043,0.46054232120513916,1.1780281066894531
62M2100915_21_32.png,0.24083246623864962,17.026088788739823,0.408079594373703,1.1780281066894531
62M2100915_22_30.png,0.21316198264503272,15.882789450028847,0.4294971525669098,1.1780281066894531
62M2100915_25_23.png,0.23797056405535036,15.992118285635502,0.4510829448699951,1.1780281066894531
62M2100915_29_26.png,0.2726170081808246,16.490456156686626,0.4353760778903961,1.1780281066894531
62M2100915_32_32.png,0.16897380522374786,14.766222379805349,0.4184047281742096,1.1780281066894531
62M2100915_5_24.png,0.24869341672866985,16.10805905156475,0.43018749356269836,1.1780281066894531
62M2100915_5_26.png,0.2551167327390121,15.342536627118886,0.45458900928497314,1.1780281066894531
62M2100915_6_34.png,0.21314376195070764,16.343307120297514,0.36526423692703247,1.1780281066894531
62M2100915_7_25.png,0.19042630039341146,17.00803236713531,0.388551265001297,1.1780281066894531
62M2100915_9_26.png,0.20026855012405856,17.132850793935454,0.39410966634750366,1.1780281066894531
62M2100915_9_27.png,0.21656406994615954,17.22474498225026,0.37736451625823975,1.1780281066894531
62M2100915_9_28.png,0.19273665428052933,15.858544315340918,0.4102727770805359,1.1780281066894531
64M2100687_10_17.png,0.17029363235989314,12.089512667860646,0.48910248279571533,1.1780281066894531
64M2100687_11_12.png,0.09797003985866737,12.846482487938086,0.4646325707435608,1.1780281066894531
64M2100687_11_13.png,0.08861249415863194,11.753704961309865,0.5109147429466248,1.1780281066894531
64M2100687_11_14.png,0.19674104832021,13.047584959948539,0.4615962505340576,1.1780281066894531
64M2100687_12_13.png,0.0769302767757487,10.743827152569022,0.5407240390777588,1.1780281066894531
64M2100687_12_18.png,0.12115807900411707,12.504902023709068,0.48869314789772034,1.1780281066894531
64M2100687_12_20.png,0.1417242605150889,12.977326827764957,0.46298351883888245,1.1780281066894531
64M2100687_13_13.png,0.1413215030641846,13.073253378372403,0.4828614294528961,1.1780281066894531
64M2100687_13_20.png,0.13685962972418983,12.812457056547368,0.4614652991294861,1.1780281066894531
64M2100687_14_12.png,0.09852493733880968,11.11359140679478,0.49879875779151917,1.1780281066894531
64M2100687_14_13.png,0.11651827209477426,11.955596670891065,0.47475045919418335,1.1780281066894531
64M2100687_14_14.png,0.11912617718051637,12.149916091991528,0.48047271370887756,1.1780281066894531
64M2100687_14_15.png,0.15928276311348802,13.209762890144752,0.4728989005088806,1.1780281066894531
64M2100687_15_20.png,0.1441584083395297,12.7342005684839,0.4498537480831146,1.1780281066894531
64M2100687_16_21.png,0.08935323663438093,11.396678834962907,0.4975888431072235,1.1780281066894531
64M2100687_17_9.png,0.21845253344657178,13.068777250122972,0.4457998275756836,1.1780281066894531
64M2100687_18_10.png,0.19043196931259343,13.514445051976104,0.45360714197158813,1.1780281066894531
64M2100687_18_12.png,0.17199774632948964,12.895916883195085,0.4737550914287567,1.1780281066894531
64M2100687_18_22.png,0.13007989972940434,11.533004231616841,0.4880550503730774,1.1780281066894531
64M2100687_19_13.png,0.22213802349694614,14.034524867268136,0.4400969445705414,1.1780281066894531
64M2100687_19_9.png,0.2191072789350026,11.981138113267452,0.4581695795059204,1.1780281066894531
64M2100687_20_14.png,0.24314359687307827,13.651840016424512,0.4597727060317993,1.1780281066894531
64M2100687_20_21.png,0.2053336349780083,13.077722290124761,0.4844914674758911,1.1780281066894531
67M2100642_10_25.png,0.2666438223289762,15.471871110610778,0.4497743248939514,1.1780281066894531
67M2100642_11_12.png,0.1822484709575607,12.510567243937274,0.4904916286468506,1.1780281066894531
67M2100642_12_25.png,0.30010592188277907,16.331039278206706,0.43433254957199097,1.1780281066894531
67M2100642_14_11.png,0.19157658791704155,13.088874041789381,0.4916243255138397,1.1780281066894531
67M2100642_14_23.png,0.2711745810452111,14.135364727221758,0.4685392379760742,1.1780281066894531
67M2100642_15_10.png,0.22055893226878465,15.176200891689255,0.4504249095916748,1.1780281066894531
67M2100642_16_12.png,0.2275857314668397,14.239649070271174,0.4633618891239166,1.1780281066894531
67M2100642_17_12.png,0.2634611463106824,13.967525987846994,0.48954635858535767,1.1780281066894531
67M2100642_17_8.png,0.1789929342190942,13.948203762437705,0.4800994098186493,1.1780281066894531
67M2100642_18_11.png,0.20767286896685347,14.159968470493848,0.47134560346603394,1.1780281066894531
67M2100642_18_21.png,0.23286932745524255,14.406643444345297,0.4805859327316284,1.1780281066894531
67M2100642_18_6.png,0.23722036050007878,13.669998306768829,0.5077818632125854,1.1780281066894531
67M2100642_18_9.png,0.19560970730579186,14.590871080810501,0.4838021397590637,1.1780281066894531
67M2100642_19_25.png,0.25357044143787866,14.225149765771452,0.47821491956710815,1.1780281066894531
67M2100642_20_16.png,0.25551407513934515,14.630303017111236,0.46792978048324585,1.1780281066894531
67M2100642_22_27.png,0.2511152417200813,14.842141257833694,0.45667845010757446,1.1780281066894531
67M2100642_22_9.png,0.21142873393539588,14.467494695590538,0.5087505578994751,1.1780281066894531
67M2100642_23_15.png,0.22732397082116376,15.186386789770605,0.4853338599205017,1.1780281066894531
67M2100642_25_24.png,0.32951566470721333,17.318922405583656,0.4502246677875519,1.1780281066894531
67M2100642_25_5.png,0.3240297453032078,14.657195891302798,0.43853071331977844,1.1780281066894531
67M2100642_2_25.png,0.18957451251799928,12.183279484870766,0.5219466686248779,1.1780281066894531
67M2100642_3_26.png,0.19114498038134117,11.685175370239708,0.5168496370315552,1.1780281066894531
67M2100642_4_16.png,0.20468774455857752,12.98450491388584,0.5138877034187317,1.1780281066894531
67M2100642_6_9.png,0.206515195885045,13.331385439355405,0.47912365198135376,1.1780281066894531
67M2100642_8_15.png,0.291375819613297,14.844287796734362,0.4616219401359558,1.1780281066894531
67M2100642_9_10.png,0.2559734831093357,13.782966176661155,0.5005057454109192,1.1780281066894531
67M2100642_9_12.png,0.23974822876627025,14.469021884564652,0.48391827940940857,1.1780281066894531
67M2100642_9_13.png,0.2413228369911039,14.476447850737436,0.45715686678886414,1.1780281066894531
68M2100640_10_15.png,0.10562241224397684,10.684213710800526,0.5057083964347839,1.1780281066894531
68M2100640_10_24.png,0.33861835963799775,17.6257316543899,0.40165838599205017,1.1780281066894531
68M2100640_10_27.png,0.2439423951090495,13.666416172996916,0.47517287731170654,1.1780281066894531
68M2100640_10_6.png,0.2709075000185927,18.047224222161518,0.4423676133155823,1.1780281066894531
68M2100640_15_9.png,0.08225698792240312,9.552701228961848,0.5153085589408875,1.1780281066894531
68M2100640_16_9.png,0.25715119722671376,13.983475405963082,0.4564911127090454,1.1780281066894531
68M2100640_24_14.png,0.3398660457478539,18.90933134038834,0.39971596002578735,1.1780281066894531
68M2100640_24_17.png,0.2286626920468945,17.213006334003225,0.37402820587158203,1.1780281066894531
68M2100640_25_21.png,0.29292970986816025,17.438118921571878,0.44041386246681213,1.1780281066894531
68M2100640_25_25.png,0.1298933301730202,11.02775382600793,0.4813977777957916,1.1780281066894531
68M2100640_26_23.png,0.2397731828865857,17.967386354666225,0.3865348696708679,1.1780281066894531
68M2100640_27_10.png,0.13539040410373637,11.265183682586395,0.5120405554771423,1.1780281066894531
68M2100640_29_23.png,0.12812584423183992,12.859800092763598,0.44544556736946106,1.1780281066894531
68M2100640_30_10.png,0.24800999278754443,15.976825016972523,0.43523192405700684,1.1780281066894531
68M2100640_31_15.png,0.22543104138425155,14.781142865660833,0.4744175672531128,1.1780281066894531
68M2100640_3_15.png,0.08452555398474872,10.958861638358252,0.4730083644390106,1.1780281066894531
68M2100640_3_17.png,0.08198399472434213,11.575745030345711,0.4727020859718323,1.1780281066894531
68M2100640_6_12.png,0.24745798690496648,15.745242304869807,0.4617059826850891,1.1780281066894531
68M2100640_8_10.png,0.27529904885692175,17.35486723224328,0.450280100107193,1.1780281066894531
68M2100640_9_10.png,0.270413102248781,17.175800296172845,0.45144960284233093,1.1780281066894531
68M2100640_9_16.png,0.09637875404679884,10.684415193846153,0.4986303448677063,1.1780281066894531
68M2100640_9_27.png,0.24965014296627927,14.580341467278902,0.4890311360359192,1.1780281066894531
70M2100623_10_4.png,0.2244553274249538,10.65252316956714,0.5061699748039246,1.1780281066894531
70M2100623_12_9.png,0.2763289636340478,12.22471485874836,0.5167290568351746,1.1780281066894531
70M2100623_13_4.png,0.16913351163251086,9.765907608358624,0.4938919246196747,1.1780281066894531
70M2100623_16_7.png,0.11424827906283307,7.3498080790969595,0.49450868368148804,1.1780281066894531
70M2100623_20_13.png,0.13226419687253996,7.789850324009787,0.5213727951049805,1.1780281066894531
70M2100623_20_18.png,0.1843219121999228,10.203690961114216,0.446146160364151,1.1780281066894531
70M2100623_22_11.png,0.18695942308159472,10.389170031278688,0.490419864654541,1.1780281066894531
70M2100623_23_12.png,0.2261895547959822,10.919295450605112,0.49099302291870117,1.1780281066894531
70M2100623_23_20.png,0.15921910284473725,9.043875366003473,0.5173982977867126,1.1780281066894531
70M2100623_25_22.png,0.13739637659035567,8.644797602282319,0.5268547534942627,1.1780281066894531
70M2100623_25_7.png,0.14593156700268842,9.173883231181414,0.5114046931266785,1.1780281066894531
70M2100623_27_26.png,0.17853809103495466,9.507552999463552,0.5169398784637451,1.1780281066894531
70M2100623_30_22.png,0.1553362070443037,9.806076915320007,0.5105972290039062,1.1780281066894531
70M2100623_32_13.png,0.23540625627630962,11.300217095727438,0.4757261872291565,1.1780281066894531
70M2100623_34_5.png,0.18667386908606784,11.32015436968903,0.43590834736824036,1.1780281066894531
70M2100623_36_13.png,0.2805373958688831,14.298618863355825,0.43114012479782104,1.1780281066894531
70M2100623_36_22.png,0.2174279944909878,10.871535164536901,0.5327869057655334,1.1780281066894531
70M2100623_38_22.png,0.17923496954424342,9.046298995765495,0.5421687364578247,1.1780281066894531
70M2100623_41_9.png,0.3235969203410574,13.674362152480416,0.46538910269737244,1.1780281066894531
74M2100526_11_10.png,0.19200269039178167,16.76782817017422,0.3084726929664612,1.1780281066894531
74M2100526_11_16.png,0.15907929842968102,17.194847557143124,0.29025498032569885,1.1780281066894531
74M2100526_12_24.png,0.1409572457387802,15.795946758407794,0.3114103376865387,1.1780281066894531
74M2100526_12_5.png,0.19676744747570177,17.13423809768972,0.3170514702796936,1.1780281066894531
74M2100526_13_24.png,0.135963122752598,15.930799396149851,0.3154160976409912,1.1780281066894531
74M2100526_13_4.png,0.2184312659911882,16.75251556891764,0.33481767773628235,1.1780281066894531
74M2100526_15_16.png,0.16772109339788663,16.919870644085684,0.338289737701416,1.1780281066894531
74M2100526_15_4.png,0.16326849510929697,15.842122240385288,0.31920289993286133,1.1780281066894531
74M2100526_17_8.png,0.19846849226702956,16.467337902380187,0.3178020715713501,1.1780281066894531
74M2100526_18_10.png,0.1847689642006386,17.067376181295867,0.34525811672210693,1.1780281066894531
74M2100526_19_16.png,0.16695704158259503,16.223413233600514,0.31241780519485474,1.1780281066894531
74M2100526_19_28.png,0.15308683360655928,16.73027807699029,0.2776201367378235,1.1780281066894531
74M2100526_20_8.png,0.18455242211695397,16.376618190760635,0.3483952283859253,1.1780281066894531
74M2100526_21_21.png,0.13521370571009653,16.156398123361505,0.32069212198257446,1.1780281066894531
74M2100526_21_28.png,0.13620863947963496,17.071254702320267,0.29137739539146423,1.1780281066894531
74M2100526_25_25.png,0.1653423768324028,16.712646875665826,0.33310601115226746,1.1780281066894531
74M2100526_27_28.png,0.16527258306403134,16.682382495172668,0.35426658391952515,1.1780281066894531
74M2100526_28_26.png,0.19135520976452,17.158223339551174,0.32724303007125854,1.1780281066894531
74M2100526_31_24.png,0.31201341320078474,18.88241565269061,0.4581534266471863,1.1780281066894531
75M2100521_12_14.png,0.19096997505141947,12.578593665039364,0.5126278400421143,1.1780281066894531
75M2100521_12_16.png,0.14090111613716397,12.225085120503003,0.5302233099937439,1.1780281066894531
75M2100521_15_9.png,0.2115765574434009,13.386872378988379,0.39522454142570496,1.1780281066894531
75M2100521_16_14.png,0.16773583285669966,12.396278422366224,0.5056222081184387,1.1780281066894531
75M2100521_16_19.png,0.22672175876776338,13.018692313557079,0.46141523122787476,1.1780281066894531
75M2100521_16_9.png,0.18095975681350338,13.060966822331217,0.38753384351730347,1.1780281066894531
75M2100521_18_20.png,0.19343274738956084,13.072481071819022,0.4499209225177765,1.1780281066894531
75M2100521_19_10.png,0.17682776892078822,13.523601068157031,0.42589378356933594,1.1780281066894531
75M2100521_20_11.png,0.15473246393586834,12.815326759576614,0.5042969584465027,1.1780281066894531
75M2100521_20_15.png,0.1994240709235696,12.470118886021206,0.4841437041759491,1.1780281066894531
75M2100521_20_6.png,0.16765821660802213,11.597073610727689,0.39141684770584106,1.1780281066894531
75M2100521_21_17.png,0.14926132017544236,12.433032642813071,0.5291533470153809,1.1780281066894531
75M2100521_21_5.png,0.19339317649007134,13.685521220442393,0.39721816778182983,1.1780281066894531
75M2100521_24_16.png,0.18001403939629565,13.15013887255227,0.4903802275657654,1.1780281066894531
75M2100521_25_14.png,0.1530756214604724,12.206934336485812,0.5450102686882019,1.1780281066894531
75M2100521_25_20.png,0.2117082212373446,14.159028815263078,0.4511445164680481,1.1780281066894531
75M2100521_26_18.png,0.19285813237000535,12.878477734299665,0.4635432958602905,1.1780281066894531
75M2100521_8_18.png,0.1787489144759734,13.612061720327821,0.5084930062294006,1.1780281066894531
75M2100521_9_13.png,0.1923956692741344,13.792978968335953,0.5029383897781372,1.1780281066894531
76M2100485_15_30.png,0.2649181891785398,20.005408410032082,0.33483177423477173,1.1780281066894531
76M2100485_20_14.png,0.34762887802372017,18.910597204540988,0.4052222669124603,1.1780281066894531
76M2100485_22_14.png,0.30491269134537574,20.521237092547402,0.3532237708568573,1.1780281066894531
76M2100485_22_18.png,0.19059352839983554,13.821131954345622,0.4488013982772827,1.1780281066894531
76M2100485_22_22.png,0.21845404562620377,18.21101956414791,0.36605119705200195,1.1780281066894531
76M2100485_22_29.png,0.3666463618336902,20.22685074351279,0.3071253001689911,1.1780281066894531
76M2100485_23_14.png,0.32516957659932505,21.356903281383303,0.3466290831565857,1.1780281066894531
76M2100485_23_23.png,0.23129261828800837,18.308572973837162,0.3643566966056824,1.1780281066894531
76M2100485_23_30.png,0.19321840838796908,15.433582839674953,0.4493601322174072,1.1780281066894531
76M2100485_25_24.png,0.266233162810869,19.166962731529704,0.3634647727012634,1.1780281066894531
76M2100485_25_8.png,0.2971258743704954,18.888907376059766,0.38405895233154297,1.1780281066894531
76M2100485_28_23.png,0.26550015550444,18.39800978374675,0.3839414715766907,1.1780281066894531
76M2100485_29_18.png,0.2676459910270055,16.502096525640702,0.43206679821014404,1.1780281066894531
76M2100485_30_18.png,0.2683583719890828,19.155585870771,0.38247841596603394,1.1780281066894531
76M2100485_30_22.png,0.2674664854546904,19.391894024974658,0.35022830963134766,1.1780281066894531
76M2100485_31_19.png,0.23132689537158668,16.795460902728433,0.3806667625904083,1.1780281066894531
76M2100485_32_18.png,0.2739356685209234,18.425834538283475,0.38718628883361816,1.1780281066894531
76M2100485_32_20.png,0.34987737137096236,17.821455022537023,0.40900781750679016,1.1780281066894531
76M2100485_41_18.png,0.2997503669376433,19.170565898117246,0.3749362826347351,1.1780281066894531
77M2100464_10_10.png,0.3081406245522777,15.57865292050915,0.47574421763420105,1.1780281066894531
77M2100464_10_12.png,0.2752176978061143,15.007552828753063,0.5115658640861511,1.1780281066894531
77M2100464_12_9.png,0.15033236217939475,12.854603292019824,0.5183748006820679,1.1780281066894531
77M2100464_13_19.png,0.17090378253680197,13.238159883681577,0.531743586063385,1.1780281066894531
77M2100464_15_5.png,0.25727413093718865,14.887690199167022,0.4838920831680298,1.1780281066894531
77M2100464_20_16.png,0.21964458206047102,14.18823594958776,0.5364612936973572,1.1780281066894531
77M2100464_20_3.png,0.21186960406499447,13.640807240655084,0.47746777534484863,1.1780281066894531
77M2100464_23_16.png,0.1874164367392145,13.597304360324127,0.5112439393997192,1.1780281066894531
77M2100464_24_28.png,0.18553204916994057,14.78157145588597,0.5242388248443604,1.1780281066894531
77M2100464_25_13.png,0.22496312769672855,13.836927128448588,0.5130481123924255,1.1780281066894531
77M2100464_26_25.png,0.2120964719779256,14.952036815406533,0.4764384627342224,1.1780281066894531
77M2100464_27_14.png,0.2667924583617066,16.005323837030822,0.4769711196422577,1.1780281066894531
77M2100464_28_10.png,0.23679748597133599,13.785623806657796,0.4746667146682739,1.1780281066894531
77M2100464_33_27.png,0.22949855995294519,16.695667168810203,0.43221545219421387,1.1780281066894531
77M2100464_9_10.png,0.3758973839714738,16.064935596431546,0.4955248534679413,1.1780281066894531
79M2100417_10_10.png,0.29429269994328494,16.527733446188655,0.4471161365509033,1.1780281066894531
79M2100417_11_24.png,0.14962689863707831,14.481730160840973,0.3912190794944763,1.1780281066894531
79M2100417_18_5.png,0.21127497832123798,15.999984478908484,0.408151775598526,1.1780281066894531
79M2100417_23_1.png,0.33918180070969567,18.023353431396576,0.45516160130500793,1.1780281066894531
79M2100417_23_26.png,0.2239978010821221,15.400949454250368,0.4491588771343231,1.1780281066894531
79M2100417_24_24.png,0.1925829613904716,14.297295420813345,0.45782920718193054,1.1780281066894531
79M2100417_24_6.png,0.15494049228542725,15.082636083697682,0.40255653858184814,1.1780281066894531
79M2100417_25_23.png,0.149149966159214,14.627121319155385,0.4179411828517914,1.1780281066894531
79M2100417_26_27.png,0.23501955731398752,12.69092987645275,0.5072655081748962,1.1780281066894531
79M2100417_29_10.png,0.22366478895185096,15.119657715409605,0.4611687660217285,1.1780281066894531
79M2100417_2_11.png,0.19122949579923518,13.690011699310672,0.42977455258369446,1.1780281066894531
79M2100417_30_10.png,0.2147977378623246,15.133548206194469,0.4396241307258606,1.1780281066894531
79M2100417_34_11.png,0.2104603248699605,15.572269927998935,0.488876610994339,1.1780281066894531
79M2100417_35_14.png,0.24406727043827048,15.878541798176947,0.4611991047859192,1.1780281066894531
79M2100417_5_10.png,0.14370538946647962,13.950270181291817,0.4420652985572815,1.1780281066894531
79M2100417_6_12.png,0.23477565413139823,15.80638090646426,0.4148586690425873,1.1780281066894531
79M2100417_6_8.png,0.2301662281385863,14.943094841437528,0.4142567813396454,1.1780281066894531
79M2100417_6_9.png,0.30286317726723055,15.334722870239778,0.4209655225276947,1.1780281066894531
79M2100417_8_6.png,0.1646132128798283,13.390462009527823,0.44074204564094543,1.1780281066894531
79M2100417_9_10.png,0.24924001396187986,15.60627430495079,0.4079310894012451,1.1780281066894531
79M2100417_9_11.png,0.27992664646882653,17.748676396880803,0.40649813413619995,1.1780281066894531
79M2100417_9_18.png,0.19014639254680699,16.48099703258969,0.363883912563324,1.1780281066894531
79M2100417_9_25.png,0.208360587138667,15.683692784746274,0.41842371225357056,1.1780281066894531
80M2100377_0_28.png,0.2493409713363092,15.92543099240383,0.4955950975418091,1.1780281066894531
80M2100377_13_35.png,0.33613173265995694,16.62260910899587,0.4142817258834839,1.1780281066894531
80M2100377_18_34.png,0.1676218249607555,15.527015514804525,0.41112905740737915,1.1780281066894531
80M2100377_1_26.png,0.2617429802132735,16.889716299835417,0.4248170554637909,1.1780281066894531
80M2100377_26_2.png,0.22981482284009078,15.924964503316017,0.437694787979126,1.1780281066894531
80M2100377_27_2.png,0.21967908225950813,16.7556923664418,0.44830235838890076,1.1780281066894531
80M2100377_4_21.png,0.24060874676062916,16.049805654038984,0.4281715154647827,1.1780281066894531
80M2100377_4_27.png,0.23771060361300378,15.992706379737523,0.4558946490287781,1.1780281066894531
80M2100377_4_28.png,0.2565537204393644,17.515807081243164,0.40264421701431274,1.1780281066894531
80M2100377_6_31.png,0.23664506730758372,15.823430896976706,0.4462239146232605,1.1780281066894531
80M2100377_7_23.png,0.22215988109199536,15.203843723931081,0.43107402324676514,1.1780281066894531
80M2100377_7_30.png,0.20029730625568778,14.675372892363194,0.46160364151000977,1.1780281066894531
80M2100377_7_32.png,0.23178078267648028,15.909689238629799,0.44523727893829346,1.1780281066894531
80M2100377_8_31.png,0.27378855676623676,17.80493382553657,0.41839030385017395,1.1780281066894531
80M2100377_8_32.png,0.23015800751119417,15.826056464616121,0.45272791385650635,1.1780281066894531
80M2100377_9_31.png,0.20282414007675376,15.693009442465344,0.4609767496585846,1.1780281066894531
80M2100377_9_32.png,0.2540020234568958,17.361207726509356,0.4403499364852905,1.1780281066894531
80M2100377_9_35.png,0.26181968790445326,17.527432154260186,0.41653114557266235,1.1780281066894531
81M2100356_10_29.png,0.23179122844229924,16.819987412444835,0.40869876742362976,1.1780281066894531
81M2100356_11_29.png,0.1962244771479913,14.514961966783211,0.4591590464115143,1.1780281066894531
81M2100356_11_32.png,0.23208354899845118,17.32582255789302,0.3584325909614563,1.1780281066894531
81M2100356_12_20.png,0.21960317809810773,16.337778068455414,0.4320681691169739,1.1780281066894531
81M2100356_12_29.png,0.17301072917127022,15.181112722424546,0.4320893883705139,1.1780281066894531
81M2100356_13_10.png,0.28563739073497707,15.500632660800095,0.3564200699329376,1.1780281066894531
81M2100356_17_15.png,0.18172750923395595,13.294677877331907,0.45697295665740967,1.1780281066894531
81M2100356_17_33.png,0.16334960943203183,13.248360501790621,0.44617247581481934,1.1780281066894531
81M2100356_18_9.png,0.19773442710197517,14.088210810528615,0.4372066855430603,1.1780281066894531
81M2100356_19_14.png,0.1847512928760929,14.791901776384371,0.4066419303417206,1.1780281066894531
81M2100356_19_22.png,0.20838322739144854,14.367089405067052,0.43054741621017456,1.1780281066894531
81M2100356_20_15.png,0.1978726075817053,16.57445483254247,0.39084669947624207,1.1780281066894531
81M2100356_22_12.png,0.2726258355004953,14.989699444374926,0.3896232843399048,1.1780281066894531
81M2100356_22_20.png,0.20067418490923639,14.448243630263768,0.4479036331176758,1.1780281066894531
81M2100356_32_13.png,0.21462772001022365,14.632336225613276,0.44642356038093567,1.1780281066894531
81M2100356_32_22.png,0.269824451422864,16.499922510675542,0.43640124797821045,1.1780281066894531
81M2100356_33_19.png,0.22763030116407398,16.3487737137323,0.41360312700271606,1.1780281066894531
81M2100356_35_21.png,0.21532351200393673,13.78618864144707,0.44776538014411926,1.1780281066894531
81M2100356_38_25.png,0.26740186284486883,14.242164929576353,0.48078835010528564,1.1780281066894531
81M2100356_39_37.png,0.16404683650986052,10.972034122754211,0.4916684627532959,1.1780281066894531
81M2100356_7_12.png,0.1994900780054408,14.212146883707897,0.4230616092681885,1.1780281066894531
83M2100256_11_12.png,0.25711856958809337,15.917191491833744,0.4097050130367279,1.1780281066894531
83M2100256_11_20.png,0.26889776559412515,17.75475967675152,0.3841722011566162,1.1780281066894531
83M2100256_12_18.png,0.17125553295744214,17.378315263371285,0.3736698031425476,1.1780281066894531
83M2100256_13_16.png,0.15676639723931377,16.089002497016256,0.4032571017742157,1.1780281066894531
83M2100256_16_16.png,0.2000430584155842,16.195653425107793,0.41477862000465393,1.1780281066894531
83M2100256_18_1.png,0.4436742617935662,17.66039750171465,0.33957648277282715,1.1780281066894531
83M2100256_22_20.png,0.22196473395315666,18.5057602391812,0.43682539463043213,1.1780281066894531
83M2100256_24_20.png,0.25367566870205666,19.470127511577587,0.4455633759498596,1.1780281066894531
83M2100256_25_16.png,0.1529615026656145,16.754163710519737,0.37744078040122986,1.1780281066894531
83M2100256_27_15.png,0.2441479666220497,17.75915141217486,0.40514495968818665,1.1780281066894531
83M2100256_30_16.png,0.32658299980662964,17.90220587134963,0.43808919191360474,1.1780281066894531
83M2100256_32_16.png,0.2575597991241286,19.262707716699794,0.4250989854335785,1.1780281066894531
83M2100256_3_6.png,0.3252644787808543,17.35847659580276,0.40577569603919983,1.1780281066894531
83M2100256_9_9.png,0.32051846097927794,17.22030863101143,0.35929542779922485,1.1780281066894531
88M2100218_10_20.png,0.1333856970202538,11.472889006127378,0.5169359445571899,1.1780281066894531
88M2100218_10_25.png,0.12238255453192853,12.43735558308688,0.498060941696167,1.1780281066894531
88M2100218_10_29.png,0.136650978128302,13.468358972132219,0.4849878251552582,1.1780281066894531
88M2100218_10_30.png,0.16976190100158672,14.277719987055074,0.46934089064598083,1.1780281066894531
88M2100218_11_29.png,0.11165426337951119,12.919533997479833,0.5076916217803955,1.1780281066894531
88M2100218_23_30.png,0.24289361656337216,15.962657220527554,0.39116233587265015,1.1780281066894531
88M2100218_24_30.png,0.2373234888780443,16.94529060289242,0.378506600856781,1.1780281066894531
88M2100218_25_3.png,0.17994076284325947,14.588811523077037,0.44140124320983887,1.1780281066894531
88M2100218_27_24.png,0.12417142489874773,10.388964867586948,0.5722355842590332,1.1780281066894531
88M2100218_29_23.png,0.13804713322873344,11.946734027491628,0.5265569090843201,1.1780281066894531
88M2100218_31_10.png,0.14770926889529415,12.252732516022691,0.48431259393692017,1.1780281066894531
88M2100218_32_19.png,0.11102038446942991,10.267183408686096,0.5527719855308533,1.1780281066894531
88M2100218_3_21.png,0.13753266288413168,13.498499897760874,0.48469603061676025,1.1780281066894531
88M2100218_4_23.png,0.17320372848154883,16.44479704080405,0.3923490047454834,1.1780281066894531
88M2100218_5_16.png,0.14585663237367358,13.216589102083953,0.48448681831359863,1.1780281066894531
88M2100218_5_18.png,0.08373752240704252,10.646873163068467,0.5483877062797546,1.1780281066894531
88M2100218_5_23.png,0.10632343337096979,12.226857965046882,0.49107810854911804,1.1780281066894531
88M2100218_5_24.png,0.13797335858191076,13.579456217836107,0.4655667841434479,1.1780281066894531
88M2100218_7_18.png,0.10313229715179922,10.720643027640968,0.5591611266136169,1.1780281066894531
88M2100218_8_19.png,0.1206624451253277,10.731989266998651,0.5402900576591492,1.1780281066894531
88M2100218_8_20.png,0.11988016473576295,12.269567718798406,0.5116854906082153,1.1780281066894531
88M2100218_8_21.png,0.12294087498594612,11.681939542612705,0.5231032967567444,1.1780281066894531
88M2100218_9_24.png,0.07370038882297249,10.807901501800043,0.5498577952384949,1.1780281066894531
88M2100218_9_26.png,0.09298574994808677,12.135202556667583,0.5081820487976074,1.1780281066894531
89M2100212_11_18.png,0.17935964356962641,11.802521123336337,0.46529990434646606,1.1780281066894531
89M2100212_18_9.png,0.16132516602897992,11.129526348707365,0.4977949857711792,1.1780281066894531
89M2100212_19_8.png,0.18344277986524196,11.292263549828899,0.4756709337234497,1.1780281066894531
89M2100212_21_6.png,0.24523941471102498,11.889252385135611,0.4679837226867676,1.1780281066894531
89M2100212_22_2.png,0.2456964940052868,14.930934242862598,0.3753505349159241,1.1780281066894531
89M2100212_32_10.png,0.29799245024295273,12.317897041363757,0.4447064995765686,1.1780281066894531
89M2100212_3_14.png,0.2383137235211469,13.306445542551153,0.45085230469703674,1.1780281066894531
89M2100212_3_15.png,0.2445209465628633,13.98073543709397,0.37710440158843994,1.1780281066894531
89M2100212_4_14.png,0.23661572738896897,12.101817079179547,0.46584850549697876,1.1780281066894531
89M2100212_4_16.png,0.3554474019465859,14.823487741449748,0.4413459897041321,1.1780281066894531
89M2100212_5_11.png,0.3140811091869956,13.949345534592046,0.4189710319042206,1.1780281066894531
89M2100212_6_12.png,0.2581320071504019,12.140014868554935,0.4937893748283386,1.1780281066894531
89M2100212_6_21.png,0.19655956747720524,11.28084671866672,0.526398241519928,1.1780281066894531
89M2100212_7_11.png,0.299301548549541,12.557559958819645,0.43570753931999207,1.1780281066894531
89M2100212_7_23.png,0.17704713532851468,11.843920752886257,0.4988222122192383,1.1780281066894531
89M2100212_9_9.png,0.29124814852744313,14.043967517027074,0.3993660509586334,1.1780281066894531
8M2103001_10_13.png,0.19587149207619745,15.262313991110009,0.4578533470630646,1.1780281066894531
8M2103001_10_6.png,0.28428884155337036,19.301955474310247,0.405267596244812,1.1780281066894531
8M2103001_12_22.png,0.3290830089321592,18.107176248531495,0.44120845198631287,1.1780281066894531
8M2103001_13_18.png,0.27949934307776625,16.358026527732253,0.4259626865386963,1.1780281066894531
8M2103001_13_4.png,0.24558713211889147,17.16982096421536,0.44357362389564514,1.1780281066894531
8M2103001_14_6.png,0.2551867077936467,19.046955206071612,0.39558523893356323,1.1780281066894531
8M2103001_15_4.png,0.16772786855910896,14.53938798436323,0.4845227301120758,1.1780281066894531
8M2103001_16_4.png,0.2858633323306991,16.04478631768973,0.4396898150444031,1.1780281066894531
8M2103001_17_18.png,0.18340431893525996,15.417064023283192,0.4644014239311218,1.1780281066894531
8M2103001_18_13.png,0.14341976029258982,14.320358565169894,0.494924932718277,1.1780281066894531
8M2103001_19_11.png,0.25393766407309815,17.942797109878324,0.40624377131462097,1.1780281066894531
8M2103001_19_13.png,0.14860354198259706,14.437808510150724,0.4798351228237152,1.1780281066894531
8M2103001_20_11.png,0.1036366971189127,10.84838323395944,0.5640223622322083,1.1780281066894531
8M2103001_20_5.png,0.18300064933099025,12.295493830684464,0.4865662753582001,1.1780281066894531
8M2103001_24_6.png,0.15379940980229864,11.703192649884183,0.5226903557777405,1.1780281066894531
8M2103001_2_22.png,0.19407708510937036,13.480566116389776,0.44902458786964417,1.1780281066894531
8M2103001_2_23.png,0.21202068848160702,16.741232740212645,0.4322921931743622,1.1780281066894531
8M2103001_4_27.png,0.21781997268040157,16.357187930724123,0.4539596438407898,1.1780281066894531
8M2103001_5_12.png,0.25985980068342673,17.28750327621849,0.44547057151794434,1.1780281066894531
8M2103001_6_6.png,0.2849899945306237,20.293382862482456,0.3822988271713257,1.1780281066894531
8M2103001_6_9.png,0.23414798603928433,17.921991995800916,0.41283711791038513,1.1780281066894531
8M2103001_7_13.png,0.27520440014854447,18.586003126650116,0.43620193004608154,1.1780281066894531
8M2103001_8_2.png,0.3408459871173581,16.7812827281898,0.3792564868927002,1.1780281066894531
8M2103001_8_9.png,0.15858073746105258,12.287031300800512,0.5036752223968506,1.1780281066894531
8M2103001_9_2.png,0.47441870370186545,17.43467532501227,0.34556522965431213,1.1780281066894531
91M2100173_10_13.png,0.1424315630702617,15.459864530120006,0.3951108157634735,1.1780281066894531
91M2100173_10_6.png,0.1668956971882685,14.875411108248413,0.3638436496257782,1.1780281066894531
91M2100173_11_19.png,0.1710606166366454,13.777273997023439,0.4065108895301819,1.1780281066894531
91M2100173_12_6.png,0.1672009510490747,15.793335922683884,0.3686898946762085,1.1780281066894531
91M2100173_16_17.png,0.13899684795793385,15.14383459540957,0.40032657980918884,1.1780281066894531
91M2100173_17_20.png,0.11542277661710658,14.207387968884973,0.374543160200119,1.1780281066894531
91M2100173_18_20.png,0.1386000819356512,14.7985832355937,0.38062524795532227,1.1780281066894531
91M2100173_19_27.png,0.15986989593870046,14.379319942931632,0.31150028109550476,1.1780281066894531
91M2100173_19_5.png,0.15110791591248993,15.600626587887195,0.3820610046386719,1.1780281066894531
91M2100173_1_8.png,0.2774270483852895,14.915601455104106,0.3467904031276703,1.1780281066894531
91M2100173_24_17.png,0.1343378072764527,15.235680027473313,0.4031539261341095,1.1780281066894531
91M2100173_26_21.png,0.1342005527613959,13.738438870985114,0.38065069913864136,1.1780281066894531
91M2100173_32_14.png,0.13604618281911254,15.39586973810668,0.3758487403392792,1.1780281066894531
91M2100173_33_15.png,0.1571900965468159,15.037696292319605,0.36631959676742554,1.1780281066894531
91M2100173_34_18.png,0.15378113556101983,15.553569300583455,0.34639689326286316,1.1780281066894531
91M2100173_35_9.png,0.11626562691732821,13.338451360023804,0.42743349075317383,1.1780281066894531
91M2100173_38_4.png,0.19186108689378648,16.618080384156382,0.33635663986206055,1.1780281066894531
91M2100173_39_17.png,0.19032657864233296,15.645300937823556,0.3502536118030548,1.1780281066894531
91M2100173_4_14.png,0.12659421997513012,14.435535279620584,0.3205767869949341,1.1780281066894531
91M2100173_5_2.png,0.1973669139658484,15.739777296494067,0.3915402591228485,1.1780281066894531
91M2100173_6_19.png,0.0970694378524979,12.493199713827144,0.3077832758426666,1.1780281066894531
91M2100173_6_5.png,0.14820958609601195,15.861919434614615,0.3618237376213074,1.1780281066894531
91M2100173_8_18.png,0.11222161070532227,13.883853022040324,0.3289159834384918,1.1780281066894531
91M2100173_9_14.png,0.12286027723531034,14.95615455322455,0.3967803120613098,1.1780281066894531
92M2100150_11_5.png,0.21866074615137654,15.075612857382733,0.3712127208709717,1.1780281066894531
92M2100150_14_22.png,0.14443863827535894,13.017852438263747,0.5187423229217529,1.1780281066894531
92M2100150_19_18.png,0.17727800274861585,15.459766823519601,0.329865962266922,1.1780281066894531
92M2100150_19_25.png,0.1805609742868042,13.68746611844312,0.3645472228527069,1.1780281066894531
92M2100150_1_29.png,0.214898071539537,15.457339181664613,0.356985867023468,1.1780281066894531
92M2100150_1_34.png,0.2514069803584324,16.12454942272421,0.3293820023536682,1.1780281066894531
92M2100150_25_31.png,0.3396670199634298,17.911055246435904,0.3674231171607971,1.1780281066894531
92M2100150_27_29.png,0.28986700106248436,16.099500646123385,0.3777941167354584,1.1780281066894531
92M2100150_29_29.png,0.3516773341167904,16.363579568237437,0.37089109420776367,1.1780281066894531
92M2100150_39_35.png,0.3213279279460826,13.12885971226198,0.4845707416534424,1.1780281066894531
92M2100150_6_15.png,0.20576614374125848,14.985597629287536,0.40100133419036865,1.1780281066894531
92M2100150_6_40.png,0.29966422778531393,16.551797478746145,0.365440309047699,1.1780281066894531
92M2100150_8_23.png,0.17562596703223118,14.027209253213933,0.37374356389045715,1.1780281066894531
92M2100150_8_29.png,0.2946018681908267,15.188520440950741,0.3717649281024933,1.1780281066894531
92M2100150_9_25.png,0.2247756319025401,15.29234131340772,0.3785927891731262,1.1780281066894531
92M2100150_9_32.png,0.20243381707608288,14.736419936136617,0.3360036313533783,1.1780281066894531
93M2100147_14_22.png,0.27584774832550435,14.345254152366852,0.3917715847492218,1.1780281066894531
93M2100147_15_9.png,0.1530952667157657,9.011922322232348,0.5548286437988281,1.1780281066894531
93M2100147_18_23.png,0.19646288796133896,11.670563799940563,0.4278891980648041,1.1780281066894531
93M2100147_19_11.png,0.20088390222504893,11.585102939581411,0.4389166235923767,1.1780281066894531
93M2100147_19_12.png,0.17421775389043012,10.207631186026958,0.4854107201099396,1.1780281066894531
93M2100147_6_10.png,0.29861278674860975,11.762480550261738,0.4209102988243103,1.1780281066894531
93M2100147_7_22.png,0.24751106663105601,11.385186748280782,0.47977232933044434,1.1780281066894531
93M2100147_7_8.png,0.2079654556308194,10.4475944844704,0.47626355290412903,1.1780281066894531
93M2100147_8_11.png,0.30156533470465735,12.263650936420735,0.4116153419017792,1.1780281066894531
93M2100147_8_21.png,0.24380653772281588,9.89129226160968,0.5185790657997131,1.1780281066894531
93M2100147_9_20.png,0.27722318458958717,13.306684829881245,0.4399896264076233,1.1780281066894531
94M2100142_10_9.png,0.1564562931014775,13.733829630304776,0.4126889705657959,1.1780281066894531
94M2100142_13_18.png,0.25418575985126246,15.43103979621733,0.4494643807411194,1.1780281066894531
94M2100142_14_13.png,0.18569170989995984,15.513787416151374,0.4580972194671631,1.1780281066894531
94M2100142_14_14.png,0.1634393258958843,14.47180038175908,0.4534304738044739,1.1780281066894531
94M2100142_15_15.png,0.14754125846472096,14.439408733361784,0.4521487355232239,1.1780281066894531
94M2100142_15_8.png,0.20733393737697878,14.831318652320277,0.4421636462211609,1.1780281066894531
94M2100142_16_16.png,0.19728841703201794,13.949317441842403,0.48111432790756226,1.1780281066894531
94M2100142_17_14.png,0.15917726442091537,14.39802519593433,0.4804922044277191,1.1780281066894531
94M2100142_17_20.png,0.31983958754201064,14.634721372025876,0.4162188768386841,1.1780281066894531
94M2100142_18_21.png,0.30692964010238954,16.43471858295675,0.4906769394874573,1.1780281066894531
94M2100142_21_14.png,0.28604510120252247,15.935554494566988,0.4633409082889557,1.1780281066894531
94M2100142_23_16.png,0.19998777148590005,15.485045163850153,0.46338972449302673,1.1780281066894531
94M2100142_23_19.png,0.21857183485971607,16.15057416869422,0.4309081435203552,1.1780281066894531
94M2100142_24_17.png,0.18315645975091488,15.226443438530096,0.47101616859436035,1.1780281066894531
94M2100142_24_18.png,0.14797542066175903,14.514927499720043,0.44879549741744995,1.1780281066894531
94M2100142_25_15.png,0.22342368849612537,16.821028347852522,0.46306949853897095,1.1780281066894531
94M2100142_26_14.png,0.16550014243211855,14.825751173979713,0.4560561776161194,1.1780281066894531
94M2100142_27_10.png,0.2878268193695663,15.975838075426022,0.4535858631134033,1.1780281066894531
94M2100142_28_13.png,0.27310489936334764,17.792222658832735,0.42904120683670044,1.1780281066894531
94M2100142_29_9.png,0.21103410712001033,16.263352665037015,0.42442387342453003,1.1780281066894531
94M2100142_8_10.png,0.152082729632819,14.00321672964747,0.4666104316711426,1.1780281066894531
94M2100142_9_11.png,0.2367980531284919,15.27957186204109,0.4499177932739258,1.1780281066894531
96M2100069_15_13.png,0.34679216471046304,18.384236907944743,0.3928956985473633,1.1780281066894531
96M2100069_16_16.png,0.3367674121270543,14.881355528061288,0.42493098974227905,1.1780281066894531
96M2100069_21_16.png,0.36903093666941506,16.671448364845972,0.3728255033493042,1.1780281066894531
96M2100069_22_13.png,0.3240733258100301,18.096444023596153,0.3478269875049591,1.1780281066894531
96M2100069_23_10.png,0.3393457854386233,15.604633433829765,0.3736974000930786,1.1780281066894531
96M2100069_23_11.png,0.2628485596776355,14.75741868359657,0.4220544099807739,1.1780281066894531
96M2100069_24_8.png,0.29362899232844053,15.985445826689794,0.3807629346847534,1.1780281066894531
96M2100069_24_9.png,0.3377152085853285,18.790754067759977,0.354053258895874,1.1780281066894531
96M2100069_29_12.png,0.3399472302103152,16.640841587510604,0.4226951599121094,1.1780281066894531
96M2100069_29_7.png,0.27376202073150774,15.506790729754709,0.40760982036590576,1.1780281066894531
96M2100069_30_9.png,0.24217835158786485,13.02829658729017,0.4516567885875702,1.1780281066894531
96M2100069_31_8.png,0.3768862763910888,17.770387746235222,0.39712730050086975,1.1780281066894531
97M2100034_11_18.png,0.059170320058947366,9.373798826673989,0.4506078362464905,1.1780281066894531
97M2100034_13_20.png,0.08140421157172546,8.064590245377092,0.46049702167510986,1.1780281066894531
97M2100034_13_8.png,0.057511527871676356,7.467435813994653,0.49285194277763367,1.1780281066894531
97M2100034_14_18.png,0.20730940397237899,13.465769099696647,0.34621462225914,1.1780281066894531
97M2100034_15_9.png,0.04694327323016522,8.021925860126508,0.45231544971466064,1.1780281066894531
97M2100034_17_20.png,0.11094069876520152,10.240886773403258,0.4028434753417969,1.1780281066894531
97M2100034_18_10.png,0.05420472684942995,8.337025093057926,0.41624999046325684,1.1780281066894531
97M2100034_19_16.png,0.04896975310536502,9.538469877471066,0.41125795245170593,1.1780281066894531
97M2100034_19_19.png,0.051840585750574784,7.783517685613516,0.4247102737426758,1.1780281066894531
97M2100034_21_6.png,0.09754185697542593,9.668273582841517,0.4534778296947479,1.1780281066894531
97M2100034_22_3.png,0.08080283256971477,8.22556859037322,0.46570029854774475,1.1780281066894531
97M2100034_23_14.png,0.08820166017960235,11.067130422805834,0.3502129912376404,1.1780281066894531
97M2100034_23_7.png,0.06342155105895766,9.846505033166718,0.41663041710853577,1.1780281066894531
97M2100034_24_15.png,0.08288979767813726,10.716676070646292,0.4197825789451599,1.1780281066894531
97M2100034_25_9.png,0.08386995394395824,10.853730892836547,0.4211348295211792,1.1780281066894531
97M2100034_28_18.png,0.0556831773842578,8.041649251257768,0.4424493908882141,1.1780281066894531
97M2100034_29_12.png,0.08838459927196884,9.768693690869096,0.4500887393951416,1.1780281066894531
97M2100034_29_15.png,0.059666233285503335,9.54585529494274,0.4343950152397156,1.1780281066894531
97M2100034_6_13.png,0.09058047192427442,10.180455098216834,0.4705212116241455,1.1780281066894531
97M2100034_8_20.png,0.058054852799848726,8.251646235211037,0.43071308732032776,1.1780281066894531
98M2004096_12_14.png,0.12283803403873154,10.023128068170813,0.44937828183174133,1.1780281066894531
98M2004096_12_2.png,0.15324853187151433,11.09903919299384,0.4477378726005554,1.1780281066894531
98M2004096_14_10.png,0.14741197068828127,13.585376181836601,0.4045007824897766,1.1780281066894531
98M2004096_17_14.png,0.1139206246860998,10.991890757972966,0.47756659984588623,1.1780281066894531
98M2004096_18_3.png,0.20853522306038183,13.754136878219532,0.4362887442111969,1.1780281066894531
98M2004096_18_9.png,0.11160597929125497,9.544579987153408,0.5011504888534546,1.1780281066894531
98M2004096_21_12.png,0.13669301724191632,11.42223877327255,0.44671937823295593,1.1780281066894531
98M2004096_21_15.png,0.2252607227893523,11.48809467420395,0.4510935842990875,1.1780281066894531
98M2004096_23_12.png,0.21489379236077655,13.131381408028144,0.3982292413711548,1.1780281066894531
98M2004096_24_15.png,0.10363916059758922,10.24207812988143,0.49556058645248413,1.1780281066894531
98M2004096_24_5.png,0.13626387878300292,12.402220542734161,0.4486839771270752,1.1780281066894531
98M2004096_26_10.png,0.20666085346625537,13.811443789877448,0.4053226709365845,1.1780281066894531
98M2004096_26_6.png,0.14827570253813618,12.544410445112963,0.47821080684661865,1.1780281066894531
98M2004096_27_2.png,0.18313251389287596,14.639131730805438,0.3879914879798889,1.1780281066894531
98M2004096_28_14.png,0.10075621985341471,10.209057375995446,0.5180388689041138,1.1780281066894531
98M2004096_28_7.png,0.2765415207000684,11.972274413510622,0.5356076955795288,1.1780281066894531
98M2004096_29_8.png,0.16453403802134273,12.05572545485821,0.5000742673873901,1.1780281066894531
98M2004096_30_6.png,0.11353529699632253,11.09444644286305,0.49037104845046997,1.1780281066894531
98M2004096_33_8.png,0.16964919197574888,11.908716251788679,0.49910494685173035,1.1780281066894531
98M2004096_4_7.png,0.0888468737925211,9.843477955181555,0.4847138822078705,1.1780281066894531
98M2004096_6_10.png,0.11956917586986393,11.361506925361384,0.48237600922584534,1.1780281066894531
98M2004096_6_12.png,0.09022206281745343,10.928030944245268,0.4606902301311493,1.1780281066894531
98M2004096_7_8.png,0.1839118186470368,11.7966012865235,0.44049155712127686,1.1780281066894531
99M2004082_11_17.png,0.16443848703069214,12.875778474861248,0.5329992771148682,1.1780281066894531
99M2004082_12_16.png,0.24205128053297398,15.180595784135233,0.4545556902885437,1.1780281066894531
99M2004082_12_22.png,0.21647865011301792,14.436947571326764,0.5015429258346558,1.1780281066894531
99M2004082_14_21.png,0.18610166843087292,12.308976133545935,0.5402396321296692,1.1780281066894531
99M2004082_14_5.png,0.15171729597543304,14.341266585604489,0.4886431396007538,1.1780281066894531
99M2004082_15_22.png,0.2616182182035031,12.539909792336887,0.535524845123291,1.1780281066894531
99M2004082_16_21.png,0.3305470862713458,14.798486633399591,0.4823668599128723,1.1780281066894531
99M2004082_23_4.png,0.18114353049932155,13.649796950752066,0.48742151260375977,1.1780281066894531
99M2004082_26_3.png,0.17170190669898533,14.241474751617393,0.46150922775268555,1.1780281066894531
99M2004082_26_7.png,0.17895704805199655,10.308751340408692,0.5452510714530945,1.1780281066894531
99M2004082_28_10.png,0.18663066135116133,13.077546120584199,0.5189585089683533,1.1780281066894531
99M2004082_28_5.png,0.21794624692213851,16.1688524429899,0.44159919023513794,1.1780281066894531
99M2004082_30_8.png,0.16162547636832916,12.743034974449083,0.5247617363929749,1.1780281066894531
99M2004082_32_11.png,0.16284796902285353,12.752259574286104,0.5213518142700195,1.1780281066894531
99M2004082_33_18.png,0.2526067807518206,14.052790752393001,0.4934629797935486,1.1780281066894531
99M2004082_34_10.png,0.15695472943531313,13.400414738069875,0.48799335956573486,1.1780281066894531
99M2004082_36_8.png,0.11170007909149776,12.105045526411235,0.5128875970840454,1.1780281066894531
99M2004082_5_18.png,0.22726376206360874,14.743262425085582,0.5132007002830505,1.1780281066894531
9M2102981_4_12.png,0.4170769832774435,18.410438422602272,0.3758378028869629,1.1780281066894531
